CASSYGFNQDTQYF	TRBV4	TRBJ2-5		CAAAGGSAKLIF	TRAV4-3	TRAJ57	m12	93
CASSPRGGRDTLYF	TRBV2	TRBJ2-4		CALKGTGGNNKLTF	TRAV12D-2	TRAJ56	m12	2
CASSPRGGRDTLYF	TRBV2	TRBJ2-4		CAARNNNNAPRF	TRAV7N-6	TRAJ43	m12	2
CASSIISQGEVFF	TRBV19	TRBJ1-1		CAVSGNNNAPRF	TRAV7-6	TRAJ43	m12	35
CASSLEHYEQYF	TRBV16	TRBJ2-7		CILANYGNEKITF	TRAV21-DV12	TRAJ48	m12	10
CASARGRGNTLYF	TRBV4	TRBJ1-3	TRBD1	CAVSAMDSNYQLIW	TRAV9D-1	TRAJ33	m12	15
CASSAGLGSSYEQYF	TRBV13-1	TRBJ2-7		CAAGASSGSWQLIF	TRAV4D-4	TRAJ22	m12	224
CASFPGPANTEVFF	TRBV12-2	TRBJ1-1		CAVVASSSFSKLVF	TRAV4-2	TRAJ50	m12	63
CASSGLGGYAEQFF	TRBV12-2	TRBJ2-1	TRBD2	CVLGDSNNRIFF	TRAV6D-5	TRAJ31	m12	158
CASSGLGGYAEQFF	TRBV12-2	TRBJ2-1	TRBD2	CAPPATNAYKVIF	TRAV12-3	TRAJ30	m12	144
CASSQELGGYEQYF	TRBV5	TRBJ2-7		CVLGDSNNRIFF	TRAV6D-5	TRAJ31	m12	153
CASSQELGGYEQYF	TRBV5	TRBJ2-7		CAPPATNAYKVIF	TRAV12-3	TRAJ30	m12	142
CASSFPPNYAEQFF	TRBV16	TRBJ2-1		CAADMSNYNVLYF	TRAV4D-4	TRAJ21	m12	16
CASSESGGATERLFF	TRBV13-1	TRBJ1-4		CAVSWRSGGKLTL	TRAV7-6	TRAJ44	m12	2
CASSYRGLYAEQFF	TRBV4	TRBJ2-1	TRBD1	CAAPSGGSNAKLTF	TRAV7D-4	TRAJ42	m12	51
CAWSRRDWVDTQYF	TRBV31	TRBJ2-5	TRBD2	CAADPNNAGAKLTF	TRAV4-3	TRAJ39	m12	13
CASSDRGEKTLYF	TRBV13-3	TRBJ2-3	TRBD1	CAASAPNTNKVVF	TRAV14D-2	TRAJ34	m12	1
CASSLGGSQDTQYF	TRBV15	TRBJ2-5		CVVGGANSGTYQRF	TRAV11	TRAJ13	m12	25
CASSLGGSQDTQYF	TRBV15	TRBJ2-5		CAMREYNQGKLIF	TRAV16N	TRAJ23	m12	23
CASSLTGNTGQLYF	TRBV15	TRBJ2-2		CAAASSNTNKVVF	TRAV4-4-DV10	TRAJ34	m12	100
CASSLTASAETLYF	TRBV26	TRBJ2-3		CAASDNAGAKLTF	TRAV14-2	TRAJ39	m12	1
CASGDQGAGNTLYF	TRBV12-2	TRBJ1-3		CATDPNTGKLTF	TRAV8-1	TRAJ27	m12	1
CASSLGGVYAEQFF	TRBV26	TRBJ2-1		CALGGSNTNKVVF	TRAV6D-6	TRAJ34	m12	5
CASGYWGVGAETLYF	TRBV12-2	TRBJ2-3	TRBD2	CAVSPITGNTGKLIF	TRAV7-5	TRAJ37	m12	11
CASSAKNSDYTF	TRBV29	TRBJ1-2		CADEDTNTGKLTF	TRAV7D-2	TRAJ27	m12	1
CASTGLGDYAEQFF	TRBV19	TRBJ2-1		CATTGNTGKLIF	TRAV8-1	TRAJ37	m12	2
CASSRTTTEVFF	TRBV12-1	TRBJ1-1		CALSAGTNAYKVIF	TRAV12-2	TRAJ30	m12	2
CASSRTTTEVFF	TRBV12-1	TRBJ1-1		CAASGANTGKLTF	TRAV7-4	TRAJ27	m12	2
CASSQTGWGTEVFF	TRBV2	TRBJ1-1		CALSQGGSAKLIF	TRAV12D-2	TRAJ57	m12	1
CASSFPRGDTEVFF	TRBV3	TRBJ1-1		CAASASNNNAPRF	TRAV5-4	TRAJ43	m12	23
CASSLLQGLSNERLFF	TRBV3	TRBJ1-4		CAMRASSGSWQLIF	TRAV16N	TRAJ22	m12	30
CAWSLWDRVGNTLYF	TRBV31	TRBJ1-3		CAMREGGGSNAKLTF	TRAV16	TRAJ42	m12	5
CASSLLGSYAEQFF	TRBV3	TRBJ2-1		CAVTGANTGKLTF	TRAV7-6	TRAJ52	m12	8
CASSDNSQNTLYF	TRBV12-2	TRBJ2-4		CAARPLSGSFNKLTF	TRAV7D-4	TRAJ4	m12	3
CASCHRVNQDTQYF	TRBV2	TRBJ2-5		CAARPLSGSFNKLTF	TRAV7D-4	TRAJ4	m12	2
CASSIGGGGQNTLYF	TRBV19	TRBJ2-4		CAARPNYNVLYF	TRAV7D-2	TRAJ21	m12	7
CASSQGDGPMDSPLYF	TRBV5	TRBJ1-6		CAMREAGYQNFYF	TRAV16	TRAJ49	m12	1
CASSSHQGTEVFF	TRBV16	TRBJ1-1		CAASDTNAYKVIF	TRAV14-1	TRAJ30	m12	20
CASSKGGRTEVFF	TRBV19	TRBJ1-1		CALVDTNAYKVIF	TRAV6N-7	TRAJ30	m12	1
CASSQDTGGYEQYF	TRBV2	TRBJ2-7	TRBD1	CAAGTGGYKVVF	TRAV4D-4	TRAJ12	m12	7
CAWSRRDWVDTQYF	TRBV31	TRBJ2-5	TRBD2	CAACTGSGGKLTL	TRAV19	TRAJ44	m12	5
CASRDNSGNTLYF	TRBV13-1	TRBJ1-3		CALGITGNTGKLIF	TRAV6D-6	TRAJ37	m12	14
CASRDNSGNTLYF	TRBV13-1	TRBJ1-3		CAARANTGNYKYVF	TRAV7D-2	TRAJ40	m12	17
CAWSASAETLYF	TRBV31	TRBJ2-3		CSASRTQVVGQLTF	TRAV5-1	TRAJ5	m12	1
CASSPDKPYEQYF	TRBV13-3	TRBJ2-7		CAARQGGSAKLIF	TRAV4-4-DV10	TRAJ57	m12	1
CASSQELGGYEQYF	TRBV5	TRBJ2-7		CALERGGSNAKLTF	TRAV13-1	TRAJ42	m12	2
CASSQELGGYEQYF	TRBV5	TRBJ2-7		CATTANTGKLTF	TRAV8N-2	TRAJ52	m12	2
CASSPQGRISNERLFF	TRBV2	TRBJ1-4		CAVTNQGGRALIF	TRAV9-1	TRAJ15	m12	1
CASSMTGEDTQYF	TRBV19	TRBJ2-5		CALEFPNTGKLTF	TRAV13-1	TRAJ27	m12	5
CASSMTGEDTQYF	TRBV19	TRBJ2-5		CALRSSGSWQLIF	TRAV12-2	TRAJ22	m12	5
CASSLSDRANTEVFF	TRBV5	TRBJ1-1		CAASTQVVGQLTF	TRAV14-2	TRAJ5	m12	20
CASSLSDRANTEVFF	TRBV5	TRBJ1-1		CAMGDYAQGLTF	TRAV13D-3	TRAJ26	m12	23
CGARWQSNSDYTF	TRBV20	TRBJ1-2		CAASMHYGSSGNKLIF	TRAV7D-2	TRAJ32	m12	2
CASSFQNTGQLYF	TRBV15	TRBJ2-2		CAAEDSNYQLIW	TRAV7D-2	TRAJ33	m12	1
CASSFQNTGQLYF	TRBV15	TRBJ2-2		CALWELATGNTGKLIF	TRAV15D-1-DV6D-1	TRAJ37	m12	1
CASSEVPGDTEVFF	TRBV3	TRBJ1-1		CAAEDSNYQLIW	TRAV7D-2	TRAJ33	m12	1
CASSEVPGDTEVFF	TRBV3	TRBJ1-1		CALWELATGNTGKLIF	TRAV15D-1-DV6D-1	TRAJ37	m12	1
CASGDKTGRDTQYF	TRBV12-2	TRBJ2-5		CAANTGNYKYVF	TRAV4-4-DV10	TRAJ40	m12	2
CASGDKTGRDTQYF	TRBV12-2	TRBJ2-5		CALGASNTNKVVF	TRAV6D-6	TRAJ34	m12	2
CASGDVAGWNERLFF	TRBV12-2	TRBJ1-4		CAAERSGSWQLIF	TRAV4D-4	TRAJ22	m12	2
CTCSADRNRLSQNTLYF	TRBV1	TRBJ2-4		CAATSGGSNYKLTF	TRAV7-4	TRAJ53	m12	4
CSSSQIRDRANERLFF	TRBV23	TRBJ1-4	TRBD1	CAATGFASALTF	TRAV14-2	TRAJ35	m12	4
CTCSAGGFSNERLFF	TRBV1	TRBJ1-4		CVLSGHNYAQGLTF	TRAV9-2	TRAJ26	m12	6
CASGDLGQDTQYF	TRBV13-2	TRBJ2-5		CAVSSDRGSALGRLHF	TRAV7-3	TRAJ18	m12	1
CASGDLGQDTQYF	TRBV13-2	TRBJ2-5		CAVSRSSNTNKVVF	TRAV7-5	TRAJ34	m12	1
CAWSRGQNERLFF	TRBV31	TRBJ1-4		CAAEALSNYNVLYF	TRAV4-4-DV10	TRAJ21	m12	1
CASSGTVNQDTQYF	TRBV13-1	TRBJ2-5		CAARPGGSNAKLTF	TRAV7D-2	TRAJ42	m12	70
CASSPDRGRQAPLF	TRBV19	TRBJ1-5	TRBD1	CALADRGSALGRLHF	TRAV6D-4	TRAJ18	m12	1
CASSPGQGAGAPLF	TRBV12-2	TRBJ1-5	TRBD1	CAVSANTGNYKYVF	TRAV9D-1	TRAJ40	m12	80
CASGDPGDYEQYF	TRBV13-2	TRBJ2-7		CAVSAGNTNTGKLTF	TRAV9-1	TRAJ27	m12	1
CSSSQGGSAETLYF	TRBV23	TRBJ2-3		CALSDPNAYKVIF	TRAV6-7-DV9	TRAJ30	m12	25
CSSSQSGGEDTQYF	TRBV23	TRBJ2-5		CAVRTGGYKVVF	TRAV3D-3	TRAJ12	m12	1
CASSYAGGYEQYF	TRBV4	TRBJ2-7		CAPWNSNNRIFF	TRAV8N-2	TRAJ31	m12	1
CTCSANGGGEQYF	TRBV1	TRBJ2-7		CAASGQQGTGSKLSF	TRAV14-2	TRAJ58	m12	28
CASSYGGQDTQYF	TRBV4	TRBJ2-5		CAASSTNAYKVIF	TRAV10	TRAJ30	m12	1
CASSGDWTNTLYF	TRBV19	TRBJ2-4		CAASSTNAYKVIF	TRAV10	TRAJ30	m12	1
CASSEGTGGSYEQYF	TRBV13-1	TRBJ2-7		CAVSGNNYAQGLTF	TRAV7-5	TRAJ26	m12	21
CASSEGTGGSYEQYF	TRBV13-1	TRBJ2-7		CAAGASSGSWQLIF	TRAV4D-4	TRAJ22	m12	23
CASSVDGRAETLYF	TRBV5	TRBJ2-3		CAMREGRSNYQLIW	TRAV16N	TRAJ33	m12	14
CASSIGGLQDTQYF	TRBV19	TRBJ2-5		CAVSEAGGYKVVF	TRAV3D-3	TRAJ12	m12	19
CGATGTANTEVFF	TRBV20	TRBJ1-1		CAMREMLSGSFNKLTF	TRAV16D-DV11	TRAJ4	m12	4
CASSSPGTGSDYTF	TRBV2	TRBJ1-2	TRBD1	CAASKGDSNYQLIW	TRAV10	TRAJ33	m12	2
CASSESGGPETLYF	TRBV13-1	TRBJ2-3	TRBD2	CAARKGTGSKLSF	TRAV10	TRAJ58	m12	2
CASSHSNERLFF	TRBV12-1	TRBJ1-4		CALGPHTGNYKYVF	TRAV6N-7	TRAJ40	m12	1
CASSQDSWGGADTQYF	TRBV5	TRBJ2-5		CAADASNTNKVVF	TRAV4-3	TRAJ34	m12	2
CASSRENNQNTLYF	TRBV17	TRBJ2-4		CAASANTGYQNFYF	TRAV14-3	TRAJ49	m12	1
CASTGYYEQYF	TRBV19	TRBJ2-7		CAAVSGSFNKLTF	TRAV14D-1	TRAJ4	m12	1
CASSLGRSSYEQYF	TRBV12-2	TRBJ2-7		CALTGNTGKLIF	TRAV12-2	TRAJ37	m12	1
CASSLDWGGYAEQFF	TRBV4	TRBJ2-1	TRBD2	CAVSRGTNTGKLTF	TRAV7-5	TRAJ27	m12	1
CASGSQGGNTEVFF	TRBV12-2	TRBJ1-1		CALSTNNRIFF	TRAV6-5	TRAJ31	m12	2
CASSRLGEYAEQFF	TRBV15	TRBJ2-1		CAARPKGAGNKLTF	TRAV14D-2	TRAJ17	m12	5
CASSSHLEQYF	TRBV4	TRBJ2-7		CAVRASSGSWQLIF	TRAV9-1	TRAJ22	m12	8
CASSYLGGSQNTLYF	TRBV3	TRBJ2-4		CVIASSSFSKLVF	TRAV6-5	TRAJ50	m12	19
CASSYLGGSQNTLYF	TRBV3	TRBJ2-4		CAVSGSGGSNYKLTF	TRAV7-5	TRAJ53	m12	18
CASSLGLGASAETLYF	TRBV12-1	TRBJ2-3	TRBD1	CAVSPSYGSSGNKLIF	TRAV7-5	TRAJ32	m12	12
CSSRTLSYEQYF	TRBV30	TRBJ2-7		CAASALGFASALTF	TRAV14D-3-DV8	TRAJ35	m12	1
CASSHDWGYAEQFF	TRBV5	TRBJ2-1		CAASAQGGAAKLIF	TRAV14-3	TRAJ57	m12	1
CASGAENTEVFF	TRBV12-2	TRBJ1-1		CAASHNTNTGKLTF	TRAV14N-3	TRAJ27	m12	1
CASGAENTEVFF	TRBV12-2	TRBJ1-1		CALKTSNTNKVVF	TRAV6N-6	TRAJ34	m12	1
CASSPQGGEQYF	TRBV13-1	TRBJ2-7		CALGLTTASLGKLQF	TRAV6D-6	TRAJ24	m12	1
CASSPQGDSYEQYF	TRBV26	TRBJ2-7		CAAEASGSWQLIF	TRAV4D-4	TRAJ22	m12	1
CASSSQGRDAEQFF	TRBV3	TRBJ2-1		CALGDPNTNKVVF	TRAV6D-6	TRAJ34	m12	7
CASSQVGGADDTQYF	TRBV2	TRBJ2-5		CAARRNSAGNKLTF	TRAV7D-2	TRAJ17	m12	1
CASLGGLGGRYQNTLYF	TRBV12-2	TRBJ2-4	TRBD2	CAMERAGSGGKLTL	TRAV13-4-DV7	TRAJ44	m12	2
CASSQETGPYEQYF	TRBV5	TRBJ2-7	TRBD1	CALGGGSNAKLTF	TRAV6N-7	TRAJ42	m12	17
CASKTNSAETLYF	TRBV13-1	TRBJ2-3		CAASGTGSGGKLTL	TRAV14-3	TRAJ44	m12	9
CASKTNSAETLYF	TRBV13-1	TRBJ2-3		CAASNNTGNYKYVF	TRAV10	TRAJ40	m12	11
CASGYWGVGAETLYF	TRBV12-2	TRBJ2-3	TRBD2	CVLSAPSNNRLTL	TRAV9-2	TRAJ7	m12	3
CASGDRVSNERLFF	TRBV13-2	TRBJ1-4		CALSEGMGYKLTF	TRAV12D-3	TRAJ9	m12	1
CASGDRVSNERLFF	TRBV13-2	TRBJ1-4		CAVRYQGGRALIF	TRAV3-1	TRAJ15	m12	1
CASGDEGTGGYEQYF	TRBV12-2	TRBJ2-7		CALSDWGGGNNKLTF	TRAV6-7-DV9	TRAJ56	m12	30
CASGGRDRVSGNTLYF	TRBV12-2	TRBJ1-3	TRBD1	CALITGNTGKLIF	TRAV12-3	TRAJ37	m12	31
CAWSLSSRGTEVFF	TRBV31	TRBJ1-1		CAANTGNYKYVF	TRAV7N-4	TRAJ40	m12	1
CASTPGTGVYEQYF	TRBV19	TRBJ2-7	TRBD1	CAMRAWLLEANNKLTF	TRAV16	TRAJ56	m12	1
CTCSASGYNNQAPLF	TRBV1	TRBJ1-5		CAIDTNNNAPRF	TRAV13D-2	TRAJ43	m12	1
CGARDWQGNTEVFF	TRBV20	TRBJ1-1		CVLGDRPGGYKVVF	TRAV6-2	TRAJ12	m12	1
CASSLLGQHQDTQYF	TRBV3	TRBJ2-5		CAASEGNTGKLIF	TRAV14D-2	TRAJ37	m12	7
CASGGGNQNTLYF	TRBV12-2	TRBJ2-4		CAVSAGSNNRIFF	TRAV9-4	TRAJ31	m12	27
CASSPGTGGAETLYF	TRBV3	TRBJ2-3		CALKTSGGNYKPTF	TRAV6-4	TRAJ6	m12	3
CASSFWDRHYAEQFF	TRBV14	TRBJ2-1		CAIGRYNVLYF	TRAV13D-2	TRAJ21	m12	3
CASSFHFYAEQFF	TRBV16	TRBJ2-1		CAVNNAGAKLTF	TRAV7N-6	TRAJ39	m12	1
CGARLGGEQYF	TRBV20	TRBJ2-7	TRBD2	CALASSGSWQLIF	TRAV13-1	TRAJ22	m12	5
CGARLGGEQYF	TRBV20	TRBJ2-7	TRBD2	CAASDSGSFNKLTF	TRAV7D-4	TRAJ4	m12	3
CASKRDREDTQYF	TRBV13-1	TRBJ2-5		CVLTSGGNYKPTF	TRAV6-2	TRAJ6	m12	1
CASSLDPGRTYEQYF	TRBV16	TRBJ2-7		CAVRRGTGGYKVVF	TRAV3D-3	TRAJ12	m12	20
CTCSARTSGNTLYF	TRBV1	TRBJ1-3		CAAEAASSGSWQLIF	TRAV4D-4	TRAJ22	m12	4
CASSPGGANTLYF	TRBV13-1	TRBJ2-4	TRBD2	CALSANYGSSGNKLIF	TRAV6N-6	TRAJ32	m12	1
CASGSGTGGSDYTF	TRBV12-2	TRBJ1-2	TRBD1	CAASLNTGYQNFYF	TRAV7D-4	TRAJ49	m12	3
CASSPSYNSPLYF	TRBV3	TRBJ1-6		CAAVRSSGSWQLIF	TRAV4D-3	TRAJ22	m12	1
CSSSLGHKYAEQFF	TRBV23	TRBJ2-1		CALGDSNYQLIW	TRAV6D-6	TRAJ33	m12	12
CASSPDWGSQNTLYF	TRBV13-3	TRBJ2-4		CVLGPNSAGNKLTF	TRAV6D-5	TRAJ17	m12	7
CASSYGGVQDTQYF	TRBV4	TRBJ2-5		CALEGPSNTNKVVF	TRAV17	TRAJ34	m12	2
CASSLTGGAETLYF	TRBV15	TRBJ2-3		CAASTSSNTNKVVF	TRAV10	TRAJ34	m12	16
CASSQPGHTNSDYTF	TRBV2	TRBJ1-2		CAVSAPGGSAKLIF	TRAV9-4	TRAJ57	m12	2
CASGDEGTGGYEQYF	TRBV13-2	TRBJ2-7		CALSDWGGGNNKLTF	TRAV6-7-DV9	TRAJ56	m12	30
CASSLQISNERLFF	TRBV3	TRBJ1-4		CAVSGANSGTYQRL	TRAV7N-4	TRAJ13	m12	1
CASSQVGGDNQAPLF	TRBV5	TRBJ1-5		CAPPEGSALGRLHF	TRAV12-2	TRAJ18	m12	1
CASSGDRNSDYTF	TRBV3	TRBJ1-2		CVLMAGGSFNKLTF	TRAV9-2	TRAJ4	m12	10
CASSQDQSSYEQYF	TRBV2	TRBJ2-7		CAASEQGTGSKLSF	TRAV14-3	TRAJ58	m12	4
CASSIWGRNTGQLYF	TRBV19	TRBJ2-2		CAVSASSGSWQLIF	TRAV3D-3	TRAJ22	m12	1
CASSAEYSQNTLYF	TRBV5	TRBJ2-4		CAVSGNSAGNKLTF	TRAV9-1	TRAJ17	m12	2
CASSADWGGGAETLYF	TRBV3	TRBJ2-3		CAVSGNSAGNKLTF	TRAV9-1	TRAJ17	m12	2
CASARGRGNTLYF	TRBV4	TRBJ1-3	TRBD1	CAVSEIDSNYQLIW	TRAV9D-1	TRAJ33	m12	1
CASGGGNQNTLYF	TRBV13-1	TRBJ2-4		CAVSAGSNNRIFF	TRAV9-4	TRAJ31	m12	27
CASSEDKNTEVFF	TRBV13-3	TRBJ1-1		CAASREGNYKYVF	TRAV7D-2	TRAJ40	m12	1
CASSFWDTQYF	TRBV29	TRBJ2-5		CAIDQNTGYQNFYF	TRAV13D-2	TRAJ49	m12	2
CASGGRDRVSGNTLYF	TRBV13-2	TRBJ1-3	TRBD1	CALITGNTGKLIF	TRAV12-3	TRAJ37	m12	31
CASSKQGDTQYF	TRBV13-1	TRBJ2-5		CAAKPNSNNRIFF	TRAV3-1	TRAJ31	m12	3
CASRGDTGQLYF	TRBV16	TRBJ2-2		CALGENQGGRALIF	TRAV6N-7	TRAJ15	m12	1
CASSDVQGGFAEQFF	TRBV13-1	TRBJ2-1		CAVSMGPGANTGKLTF	TRAV7D-5	TRAJ52	m12	1
CTCSGISNERLFF	TRBV1	TRBJ1-4		CAIEGTGGYKVVF	TRAV13D-2	TRAJ12	m12	1
CAWKEQYF	TRBV31	TRBJ2-7		CAVRASSGSWQLIF	TRAV9D-1	TRAJ22	m12	3
CASSLGGQDTQYF	TRBV15	TRBJ2-5		CAVILSGGNYKPTF	TRAV7D-3	TRAJ6	m12	4
CASSLGGQDTQYF	TRBV15	TRBJ2-5		CALSNMGYKLTF	TRAV12D-2	TRAJ9	m12	2
CASSLNINERLFF	TRBV12-1	TRBJ1-4		CAASNVGDNSKLIW	TRAV10D	TRAJ38	m12	1
CTCSAEAGHEQYF	TRBV1	TRBJ2-7		CAAEGGNNKLTF	TRAV4-3	TRAJ56	m12	21
CASSQQGSTEVFF	TRBV2	TRBJ1-1		CAAGGNYNQGKLIF	TRAV4D-4	TRAJ23	m12	1
CASSQNWGDTGQLYF	TRBV5	TRBJ2-2	TRBD2	CALGYNNAGAKLTF	TRAV6N-7	TRAJ39	m12	1
CASSLEGGRDTQYF	TRBV12-1	TRBJ2-5		CAARANTGNYKYVF	TRAV7D-2	TRAJ40	m12	2
CASSLEGGRDTQYF	TRBV12-1	TRBJ2-5		CALGITGNTGKLIF	TRAV6D-6	TRAJ37	m12	2
CASSMQGGQAPLF	TRBV19	TRBJ1-5		CASNNNAGAKLTF	TRAV13-1	TRAJ39	m12	5
CASSPTTNTGQLYF	TRBV3	TRBJ2-2		CALSMNSAWNKLTF	TRAV9N-4	TRAJ17	m12	1
CASSFSGNTLYF	TRBV4	TRBJ1-3		CALGDDSGYNKLTF	TRAV6N-7	TRAJ11	m12	4
CASPLGTSAETLYF	TRBV12-1	TRBJ2-3		CAVRKYTGGLSGKLTF	TRAV3D-3	TRAJ2	m12	1
CASPLGTSAETLYF	TRBV12-1	TRBJ2-3		CLGGNYAQGLTF	TRAV1	TRAJ26	m12	2
CASGKLGVQDTQYF	TRBV12-2	TRBJ2-5		CAMTPSGSWQLIF	TRAV6-3	TRAJ22	m12	2
CASLGRSGQLYF	TRBV12-1	TRBJ2-2		CAVNSNYQLIW	TRAV3D-3	TRAJ33	m12	1
CASSDPGQQDTQYF	TRBV13-3	TRBJ2-5		CAMERGGGLSGKLTF	TRAV13D-1	TRAJ2	m12	1
CASSLAGGETLYF	TRBV12-2	TRBJ2-3		CAADSGGSNAKLTF	TRAV4-4-DV10	TRAJ42	m12	1
CASGSGTGGSDYTF	TRBV13-2	TRBJ1-2	TRBD1	CAARKKNNNAPRF	TRAV7D-4	TRAJ43	m12	1
CASGDALGGVSYEQYF	TRBV13-2	TRBJ2-7		CAMREAVNTGNYKYVF	TRAV16N	TRAJ40	m12	1
CASPLGGTNTGQLYF	TRBV12-1	TRBJ2-2		CAKSSGSWQLIF	TRAV8D-1	TRAJ22	m12	1
CASPLGGTNTGQLYF	TRBV12-1	TRBJ2-2		CALGATSSGQKLVF	TRAV6D-4	TRAJ16	m12	1
CAWDRQSSYEQYF	TRBV31	TRBJ2-7		CAAATGGNNKLTF	TRAV4-4-DV10	TRAJ56	m12	1
CAWDRQSSYEQYF	TRBV31	TRBJ2-7		CAMRESPQTGFASALTF	TRAV16	TRAJ35	m12	1
CASSFRDSYERLFF	TRBV3	TRBJ1-4		CAAKYQGGRALIF	TRAV7D-2	TRAJ15	m12	35
CASSEGTDSSAETLYF	TRBV13-3	TRBJ2-3		CVLPQSNYNVLYF	TRAV6-1	TRAJ21	m12	2
CASSQSWGGYEQYF	TRBV5	TRBJ2-7		CAASTYANKMIF	TRAV7D-2	TRAJ47	m12	1
CASGDAGSDTQYF	TRBV12-2	TRBJ2-5		CAVSETGGYKVVF	TRAV7N-4	TRAJ12	m12	15
CASGGGNQNTLYF	TRBV13-2	TRBJ2-4		CAVSAGSNNRIFF	TRAV9-4	TRAJ31	m12	27
CASSSIGTGAGNTLYF	TRBV3	TRBJ1-3	TRBD1	CAAELSSGSWQLIF	TRAV4-4-DV10	TRAJ22	m12	1
CASSATGGYEQYF	TRBV15	TRBJ2-7		CALNNNNAPRF	TRAV9D-4	TRAJ43	m12	1
CASGVSYNSPLYF	TRBV12-2	TRBJ1-6		CAASEAQVVGQLTF	TRAV7D-4	TRAJ5	m12	1
CASSRPGHSNSDYTF	TRBV2	TRBJ1-2		CALNSGGSNAKLTF	TRAV12-1	TRAJ42	m12	3
CASPRDWGGEQFF	TRBV12-1	TRBJ2-1	TRBD2	CAASAQNNAGAKLTF	TRAV14D-1	TRAJ39	m12	1
CASGDAGSDTQYF	TRBV13-2	TRBJ2-5		CAVSETGGYKVVF	TRAV7N-4	TRAJ12	m12	15
CASGDAGSDTQYF	TRBV13-2	TRBJ2-5		CAASETQVVGQLTF	TRAV14D-2	TRAJ5	m12	15
CASGQNYAEQFF	TRBV16	TRBJ2-1		CAVSGNSNNRIFF	TRAV9-1	TRAJ31	m12	2
CASSHGRDNSPLYF	TRBV5	TRBJ1-6		CILTEGADRLTF	TRAV21-DV12	TRAJ45	m12	1
CASGEGEQYF	TRBV13-1	TRBJ2-7		CALEDNTNTGKLTF	TRAV13-1	TRAJ27	m12	2
CASSQSTAYQDTQYF	TRBV5	TRBJ2-5		CALTGGLSGKLTF	TRAV12D-3	TRAJ2	m12	1
CASSADFAEQFF	TRBV3	TRBJ2-1		CAASSGSWQLIF	TRAV5D-4	TRAJ22	m12	2
CASGDTNYAEQFF	TRBV13-2	TRBJ2-1		CAMREGQGGRALIF	TRAV6-3	TRAJ15	m12	3
CASGGTGGGQAPLF	TRBV12-2	TRBJ1-5	TRBD1	CAAISGGNYKPTF	TRAV14D-1	TRAJ6	m12	2
CGATGTANTEVFF	TRBV20	TRBJ1-1		CAVSAGSNNRIFF	TRAV9-4	TRAJ31	m12	1
CASSIEQGARNSPLYF	TRBV19	TRBJ1-6	TRBD1	CALSDSGWQLIF	TRAV12-2	TRAJ22	m12	8
CASSIEQGARNSPLYF	TRBV19	TRBJ1-6	TRBD1	CVLDTNTGKLTF	TRAV6-2	TRAJ27	m12	8
CASSRGQGMPNERLFF	TRBV19	TRBJ1-4		CAAGTGNTGKLIF	TRAV14-2	TRAJ37	m12	1
CASSRLGGRQNTLYF	TRBV4	TRBJ2-4	TRBD2	CAARGSALGRLHF	TRAV14D-1	TRAJ18	m12	16
CASSQVGNTEVFF	TRBV5	TRBJ1-1		CAARMDSNYQLIW	TRAV14-1	TRAJ33	m12	1
CASSLDRAAEQFF	TRBV26	TRBJ2-1	TRBD1	CVVGLNNAGAKLTF	TRAV11	TRAJ39	m12	1
CASSYGGANTGQLYF	TRBV4	TRBJ2-2		CAASDSGTYQRF	TRAV5D-4	TRAJ13	m12	2
CASGDRGGTGQLYF	TRBV12-2	TRBJ2-2		CAIDQANTNKVVF	TRAV13-2	TRAJ34	m12	1
CASSLKGLGPTGQLYF	TRBV15	TRBJ2-2	TRBD1	CASPNTGGLSGKLTF	TRAV12D-2	TRAJ2	m12	1
CASSLKGLGPTGQLYF	TRBV15	TRBJ2-2	TRBD1	CAAPTGGYKVVF	TRAV4D-4	TRAJ12	m12	1
CASSQELDRSSYEQYF	TRBV2	TRBJ2-7		CALGTNAYKVIF	TRAV6N-7	TRAJ30	m12	6
CASSQWTASQNTLYF	TRBV2	TRBJ2-4		CALSDRKTGFASALTF	TRAV12-1	TRAJ35	m12	5
CASSPRQGVEQYF	TRBV5	TRBJ2-7		CALSRTQVVGQLTF	TRAV12D-2	TRAJ5	m12	1
CASSRLGGAETLYF	TRBV12-2	TRBJ2-3		CAASTGNYKYVF	TRAV14-2	TRAJ40	m12	6
CSSRGNSGNTLYF	TRBV30	TRBJ1-3		CALSGNSAGNKLTF	TRAV12D-3	TRAJ17	m12	2
CASGDAAANSDYTF	TRBV13-2	TRBJ1-2		CALSGNSAGNKLTF	TRAV12D-3	TRAJ17	m12	2
CASTPGTGVYEQYF	TRBV19	TRBJ2-7	TRBD1	CAVRASSSFSKLVF	TRAV9D-1	TRAJ50	m12	30
CASSFRGDEQYF	TRBV3	TRBJ2-7		CAAGTGSKLSF	TRAV19	TRAJ58	m12	1
CASGDWGNSDYTF	TRBV13-2	TRBJ1-2		CAAKAEGADRLTF	TRAV14-2	TRAJ45	m12	6
CASSPTGGNSPLYF	TRBV19	TRBJ1-6	TRBD1	CALTEGGNYKYVF	TRAV12-3	TRAJ40	m12	14
CASSRPGQGATQYF	TRBV26	TRBJ2-5	TRBD1	CALGRGSALGRLHF	TRAV6N-7	TRAJ18	m12	1
CASSRPGLGGRKYF	TRBV12-1	TRBJ2-7	TRBD2	CAVMTNSAGNKLTF	TRAV13-1	TRAJ17	m12	2
CASSRPGLGGRKYF	TRBV12-1	TRBJ2-7	TRBD2	CALGQNYAQGLTF	TRAV6D-6	TRAJ26	m12	2
CASSQELGSSYEQYF	TRBV5	TRBJ2-7		CALGENQGGRALIF	TRAV6N-7	TRAJ15	m12	1
CATGLGGRRAEQFF	TRBV16	TRBJ2-1	TRBD2	CALGDTNAYKVIF	TRAV6N-5	TRAJ30	m12	2
CASSQGNQDTQYF	TRBV5	TRBJ2-5		CAAKASNTNKVVF	TRAV7-4	TRAJ34	m12	2
CASSLGGRSDYTF	TRBV12-1	TRBJ1-2		CAASISNNRIFF	TRAV7D-2	TRAJ31	m12	4
CASSLGGRSDYTF	TRBV12-1	TRBJ1-2		CAAKDTNAYKVIF	TRAV7D-2	TRAJ30	m12	4
CASSPPGLSNERLFF	TRBV4	TRBJ1-4		CAASGGGSNAKLTF	TRAV14D-1	TRAJ42	m12	1
CASSLQANYAEQFF	TRBV12-2	TRBJ2-1		CVLSAHSNYQLIW	TRAV9D-2	TRAJ33	m12	1
CAWSLGGTYQDTQYF	TRBV31	TRBJ2-5		CALSLGSWQLIF	TRAV9N-4	TRAJ22	m12	1
CASSRTVSGNTLYF	TRBV13-3	TRBJ1-3		CALGGYQNFYF	TRAV6N-5	TRAJ49	m12	2
CASSFLGSSYEQYF	TRBV29	TRBJ2-7		CALERGNMGYKLTF	TRAV13-1	TRAJ9	m12	7
CASSFDSNTEVFF	TRBV3	TRBJ1-1		CALGDPGNYKYVF	TRAV6N-7	TRAJ40	m12	10
CASSATGGYEQYF	TRBV15	TRBJ2-7		CALSQPSNTNKVVF	TRAV12-2	TRAJ34	m12	1
CTCSAANSDYTF	TRBV1	TRBJ1-2		CAVLSNYNVLYF	TRAV7-5	TRAJ21	m12	2
CASSYPGGGEQYF	TRBV4	TRBJ2-7		CAVSTTNTGKLTF	TRAV9D-3	TRAJ27	m12	9
CAWRNKGAGERLFF	TRBV31	TRBJ1-4		CALGDLGSSNTNKVVF	TRAV6N-7	TRAJ34	m12	12
CASSPGTGGSYEQYF	TRBV13-3	TRBJ2-7		CAAGASSGSWQLIF	TRAV4D-4	TRAJ22	m12	10
CASSHPGHANSDYTF	TRBV2	TRBJ1-2		CAARNSGGSNAKLTF	TRAV7D-2	TRAJ42	m12	2
CASSPGQNNQAPLF	TRBV2	TRBJ1-5		CAIEGTNTGKLTF	TRAV13D-2	TRAJ27	m12	1
CASSPGQNNQAPLF	TRBV2	TRBJ1-5		CAAKATNTGKLTF	TRAV7D-2	TRAJ27	m12	1
CASSQQGALNQDTQYF	TRBV2	TRBJ2-5	TRBD1	CAANTGANTGKLTF	TRAV14-3	TRAJ52	m12	1
CASSRDSNERLFF	TRBV13-1	TRBJ1-4		CAARFDSNYQLIW	TRAV10	TRAJ33	m12	8
CTCSAPGTGGYEQYF	TRBV1	TRBJ2-7		CATVRNAGAKLTF	TRAV8D-1	TRAJ39	m12	1
CASGPGTSSNERLFF	TRBV12-2	TRBJ1-4		CAVSEQGGRALIF	TRAV7N-4	TRAJ15	m12	1
CGARDWGSYEQYF	TRBV20	TRBJ2-7		CAALTGSGGKLTL	TRAV4-4-DV10	TRAJ44	m12	1
CASSIPRDSYEQYF	TRBV19	TRBJ2-7		CAVMDYNQGKLIF	TRAV7N-6	TRAJ23	m12	1
CAWSLDGWSSYEQYF	TRBV31	TRBJ2-7		CALGDSPSGSWQLIF	TRAV6N-5	TRAJ22	m12	1
CASSDWGIEVFF	TRBV13-3	TRBJ1-1		CALVITGNTGKLIF	TRAV13-1	TRAJ37	m12	1
CASSQWTASQNTLYF	TRBV2	TRBJ2-4		CAGVTGSGGKLTL	TRAV7-6	TRAJ44	m12	7
CASGDAGSDTQYF	TRBV12-2	TRBJ2-5		CAASETQVVGQLTF	TRAV14D-2	TRAJ5	m12	15
CASSPRLGGGSSYEQYF	TRBV5	TRBJ2-7	TRBD2	CAASSYGNEKITF	TRAV14-3	TRAJ48	m12	1
CASSLSGGTQYF	TRBV12-1	TRBJ2-5		CAAATSSGQKLVF	TRAV7D-2	TRAJ16	m12	1
CASSLPGVNTLYF	TRBV26	TRBJ2-4		CALREGNMGYKLTF	TRAV12-3	TRAJ9	m12	1
CASSQDWGPANSDYTF	TRBV2	TRBJ1-2		CAYANKMIF	TRAV13-1	TRAJ47	m12	1
CASSMGSSAETLYF	TRBV19	TRBJ2-3		CAPRNSGTYQRF	TRAV8-1	TRAJ13	m12	1
CTCSGKGGRAEQFF	TRBV1	TRBJ2-1	TRBD1	CALTTASLGKLQF	TRAV12-3	TRAJ24	m12	7
CASSLRDIYEQYF	TRBV29	TRBJ2-7		CSASIWTNTGKLTF	TRAV5-1	TRAJ27	m12	1
CASSGTPQGNYAEQFF	TRBV13-3	TRBJ2-1		CAASLYNVLYF	TRAV14D-2	TRAJ21	m12	1
CAWSLGDWGAGNYAEQFF	TRBV31	TRBJ2-1	TRBD2	CALWELLSGSFNKLTF	TRAV15D-1-DV6D-1	TRAJ4	m12	1
CAWSLGDWGAGNYAEQFF	TRBV31	TRBJ2-1	TRBD2	CALGSSNTNKVVF	TRAV6D-6	TRAJ34	m12	1
CASRLGHYEQYF	TRBV2	TRBJ2-7		CAASAASSGQKLVF	TRAV14D-1	TRAJ16	m12	3
CASSEANSDYTF	TRBV12-1	TRBJ1-2		CAIEGGNYKPTF	TRAV13D-2	TRAJ6	m12	1
CAWSLPEVFF	TRBV31	TRBJ1-1		CAMNYNQGKLIF	TRAV13-1	TRAJ23	m12	1
CASSLGQGDDTQYF	TRBV16	TRBJ2-5	TRBD1	CAAYGSSGNKLIF	TRAV8D-1	TRAJ32	m12	5
CGARDSGVGNTLYF	TRBV20	TRBJ2-4		CAASGGTNAYKVIF	TRAV14N-3	TRAJ30	m12	1
CASSQDGQNSDYTF	TRBV2	TRBJ1-2		CAASRAGNTGKLIF	TRAV7D-2	TRAJ37	m12	1
CASGASQNTLYF	TRBV13-2	TRBJ2-4		CAASDSNNRIFF	TRAV7D-2	TRAJ31	m12	1
CASSLPGINQAPLF	TRBV3	TRBJ1-5		CAAGTGGYKVVF	TRAV4D-4	TRAJ12	m12	1
CASSLPGINQAPLF	TRBV3	TRBJ1-5		CAFDRGSALGRLHF	TRAV12D-2	TRAJ18	m12	1
CASRRLGGPGQNTLYF	TRBV13-1	TRBJ2-4	TRBD2	CAASMSLTGKLTF	TRAV10	TRAJ27	m12	1
CASGYWGVGAETLYF	TRBV13-2	TRBJ2-3	TRBD2	CAVSPITGNTGKLIF	TRAV7-5	TRAJ37	m12	11
CASGGPGQGYSDYTF	TRBV13-2	TRBJ1-2	TRBD1	CAAKGYNQGKLIF	TRAV14-1	TRAJ23	m12	1
CASGGPGQGYSDYTF	TRBV13-2	TRBJ1-2	TRBD1	CAINSNNRIFF	TRAV13-2	TRAJ31	m12	1
CASSLDPGGQNTLYF	TRBV16	TRBJ2-4		CALGGQATASLGKLQF	TRAV6D-6	TRAJ24	m12	1
CASSLDPGGQNTLYF	TRBV16	TRBJ2-4		CAVSPSYGSSGNKLIF	TRAV7-5	TRAJ32	m12	1
CASSTGGGNTLYF	TRBV19	TRBJ1-3		CAARYYQGGRALIF	TRAV7-4	TRAJ15	m12	1
CASSPGTRNNSPLYF	TRBV4	TRBJ1-6		CALGWNSGTYQRF	TRAV6N-7	TRAJ13	m12	2
CASSPDWGGQNTLYF	TRBV12-2	TRBJ2-4	TRBD2	CAVFSNTNKVVF	TRAV7-3	TRAJ34	m12	1
CGARDLSQTEVFF	TRBV20	TRBJ1-1		CAASVPNYGNEKITF	TRAV7-4	TRAJ48	m12	3
CASGDARFPDYTF	TRBV13-2	TRBJ1-2		CALSPFSNTNKVVF	TRAV6-5	TRAJ34	m12	1
CASSSNTGQLYF	TRBV16	TRBJ2-2		CAASWGTGNTGKLIF	TRAV14-1	TRAJ37	m12	1
CASSSNTGQLYF	TRBV16	TRBJ2-2		CAAMRAGTGSNRLTF	TRAV7D-2	TRAJ28	m12	1
CTCSADQTGGPQDTQYF	TRBV1	TRBJ2-5	TRBD2	CAIDRGSNNRIFF	TRAV13D-2	TRAJ31	m12	1
CASSPLGGRGEQYF	TRBV4	TRBJ2-7		CAVSASSAGNKLTF	TRAV9D-1	TRAJ17	m12	2
CASSPRYSGNTLYF	TRBV19	TRBJ1-3		CAPAGSALGRLHF	TRAV7-3	TRAJ18	m12	1
CASSPPGERQNTLYF	TRBV26	TRBJ2-4		CAMREGNMGYKLTF	TRAV16D-DV11	TRAJ9	m12	1
CASSQEGALGNTLYF	TRBV5	TRBJ2-4		CAMRGGGGSNYKLTF	TRAV16	TRAJ53	m12	2
CAWSLEENTGQLYF	TRBV31	TRBJ2-2		CALGDRVAYKVIF	TRAV6D-6	TRAJ30	m12	2
CASSLDGNSYNSPLYF	TRBV12-2	TRBJ1-6		CILRNTEGADRLTF	TRAV21-DV12	TRAJ45	m12	6
CASSDLGINQDTQYF	TRBV13-1	TRBJ2-5		CAAGTQGGSAKLIF	TRAV14-2	TRAJ57	m12	1
CASSDLGINQDTQYF	TRBV13-1	TRBJ2-5		CASYANKMIF	TRAV13-1	TRAJ47	m12	1
CASSAISGNTLYF	TRBV15	TRBJ1-3		CAAGTQGGSAKLIF	TRAV14-2	TRAJ57	m12	1
CASSAISGNTLYF	TRBV15	TRBJ1-3		CASYANKMIF	TRAV13-1	TRAJ47	m12	1
CASSQDRRTANTGQLYF	TRBV2	TRBJ2-2		CALSNSNNRIFF	TRAV9N-4	TRAJ31	m12	2
CTCRTGGEDSDYTF	TRBV1	TRBJ1-2	TRBD1	CAAGGGYKVVF	TRAV14D-3-DV8	TRAJ12	m12	4
CASSLVGGVEQYF	TRBV26	TRBJ2-7		CAVMNYNQGKLIF	TRAV14D-1	TRAJ23	m12	1
CASSLVGVQDTQYF	TRBV3	TRBJ2-5		CTGGNNKLTF	TRAV9D-1	TRAJ56	m12	1
CASSQWSSQNTLYF	TRBV2	TRBJ2-4		CALERANTNKVVF	TRAV13-1	TRAJ34	m12	1
CASGATGGDTQYF	TRBV12-2	TRBJ2-5	TRBD1	CALSDRPGSGGKLTL	TRAV6-7-DV9	TRAJ44	m12	1
CASSLDWGGAETLYF	TRBV3	TRBJ2-3	TRBD2	CAMRERAQGGSAKLIF	TRAV16	TRAJ57	m12	2
CASSLGSQNTLYF	TRBV26	TRBJ2-4		CAAMNYNQGKLIF	TRAV4D-3	TRAJ23	m12	8
CASGTSGTGDGNTLYF	TRBV12-2	TRBJ1-3	TRBD1	CAADSNYQLIW	TRAV10N	TRAJ33	m12	1
CGARTGTNSPLYF	TRBV20	TRBJ1-6		CAADTNAYKVIF	TRAV4D-4	TRAJ30	m12	1
CASSRQGNTLYF	TRBV15	TRBJ2-4		CAVSFTNTGKLTF	TRAV9-1	TRAJ27	m12	3
CAAFNQDTQYF	TRBV3	TRBJ2-5		CAVSFTNTGKLTF	TRAV9-1	TRAJ27	m12	2
CASSLGSGGWDTQYF	TRBV15	TRBJ2-5	TRBD1	CALPSSNTNKVVF	TRAV12D-3	TRAJ34	m12	3
CASSQEGSSYEQYF	TRBV2	TRBJ2-7		CVCSSSGSWQLIF	TRAV9-2	TRAJ22	m12	1
CASSPSGWNTEVFF	TRBV16	TRBJ1-1		CAVSGGTNTGKLTF	TRAV9-1	TRAJ27	m12	2
CASSLSVSNERLFF	TRBV3	TRBJ1-4		CAAENTNAYKVIF	TRAV4-3	TRAJ30	m12	1
CASSGLGGAETLYF	TRBV13-3	TRBJ2-3	TRBD2	CAMRDRYSAGNKLTF	TRAV6-3	TRAJ17	m12	15
CASGDVGTVQDTQYF	TRBV13-2	TRBJ2-5		CALGAVVGYKLTF	TRAV6N-5	TRAJ9	m12	2
CASSPGQGGDTQYF	TRBV13-1	TRBJ2-5	TRBD1	CASGGSNAKLTF	TRAV13-1	TRAJ42	m12	9
CASSRVGQLYF	TRBV15	TRBJ2-2		CAMRGGGGSNYKLTF	TRAV16	TRAJ53	m12	1
CASRRQIYAEQFF	TRBV19	TRBJ2-1		CAAEAGNYKYVF	TRAV4-4-DV10	TRAJ40	m12	5
CASSPVGGYEQYF	TRBV12-1	TRBJ2-7		CALGSDYSNNRLTL	TRAV6D-6	TRAJ7	m12	1
CASGPGRNTLYF	TRBV12-2	TRBJ1-3		CALSGTGANTGKLTF	TRAV6-7-DV9	TRAJ52	m12	1
CASSQEIGMYEQYF	TRBV5	TRBJ2-7		CAASGSFNKLTF	TRAV5D-4	TRAJ4	m12	9
CASCPGLGGWGAETLYF	TRBV12-1	TRBJ2-3		CAVRWGTNSAGNKLTF	TRAV3D-3	TRAJ17	m12	1
CASSLGTFSNERLFF	TRBV15	TRBJ1-4		CAARRGGNYKYVF	TRAV4-4-DV10	TRAJ40	m12	4
CASSQEGQYSGNTLYF	TRBV2	TRBJ1-3		CAVSAAASLGKLQF	TRAV3D-3	TRAJ24	m12	6
CASSYELGGPTGQLYF	TRBV3	TRBJ2-2	TRBD2	CAVKPGTGSNRLTF	TRAV7-1	TRAJ28	m12	2
CASSSDWGGRTLYF	TRBV3	TRBJ2-4	TRBD2	CALPSSNTNKVVF	TRAV6D-6	TRAJ34	m12	1
CASSQQGSGNTLYF	TRBV2	TRBJ1-3		CAMRSRNSNNRIFF	TRAV6-3	TRAJ31	m12	6
CAWSLGGSAETLYF	TRBV31	TRBJ2-3		CAMRGHSNNRIFF	TRAV6-3	TRAJ31	m12	1
CAWSLGGSAETLYF	TRBV31	TRBJ2-3		CAVSINSNNRIFF	TRAV7N-6	TRAJ31	m12	1
CASSLRAYEQYF	TRBV26	TRBJ2-7		CAMRGHSNNRIFF	TRAV6-3	TRAJ31	m12	1
CASSLRAYEQYF	TRBV26	TRBJ2-7		CAVSINSNNRIFF	TRAV7N-6	TRAJ31	m12	1
CASSLSQNTLYF	TRBV26	TRBJ2-4		CAARDSNNRIFF	TRAV7-4	TRAJ31	m12	5
CASSPPDRDYAEQFF	TRBV2	TRBJ2-1		CAMREGRGQGGRALIF	TRAV16N	TRAJ15	m12	2
CASSQEIGMYEQYF	TRBV5	TRBJ2-7		CALVEDYSNNRLTL	TRAV6D-4	TRAJ7	m12	8
CASSPHWGGAETLYF	TRBV15	TRBJ2-3		CAVSIHTGYQNFYF	TRAV7-5	TRAJ49	m12	4
CASSPRDISYNSPLYF	TRBV12-2	TRBJ1-6		CAAEDAGYKLTF	TRAV4-4-DV10	TRAJ9	m12	1
CASRDNTNTEVFF	TRBV15	TRBJ1-1		CAASAGNKLTF	TRAV14N-3	TRAJ17	m12	1
CASSLGLGNYAEQFF	TRBV5	TRBJ2-1		CAAENYNQGKLIF	TRAV14D-2	TRAJ23	m12	1
CASSGDSYNNQAPLF	TRBV12-2	TRBJ1-5		CAMREYQGGRALIF	TRAV16D-DV11	TRAJ15	m12	5
CAWSRQNNSPLYF	TRBV31	TRBJ1-6		CAVTPSSGTYQRF	TRAV7D-5	TRAJ13	m12	1
CASSQEANTGQLYF	TRBV2	TRBJ2-2		CALGASSGSWQLIF	TRAV6N-7	TRAJ22	m12	2
CASSQEANTGQLYF	TRBV2	TRBJ2-2		CAASENYNQGKLIF	TRAV7-4	TRAJ23	m12	1
CASSQWGASYEQYF	TRBV3	TRBJ2-7		CAACNNNNAPRF	TRAV10	TRAJ43	m12	1
CASSPSGTGVSNERLFF	TRBV5	TRBJ1-4	TRBD1	CALGTNSGTYQRF	TRAV6N-5	TRAJ13	m12	1
CASSLGQYEQYF	TRBV16	TRBJ2-7		CAVRSGGSNAKLTF	TRAV7-6	TRAJ42	m12	1
CASSLGQYEQYF	TRBV16	TRBJ2-7		CAVPNTGYQNFYF	TRAV7-5	TRAJ49	m12	1
CASSQPNQGNTGQLYF	TRBV2	TRBJ2-2		CALRATSSGQKLVF	TRAV12-3	TRAJ16	m12	1
CASSRLGVDTLYF	TRBV12-1	TRBJ2-4		CALSEAGSNAKLTF	TRAV12-2	TRAJ42	m12	1
CASSRLGVDTLYF	TRBV12-1	TRBJ2-4		CALGAANTGANTGKLTF	TRAV6D-6	TRAJ52	m12	1
CASSQDGTGQLYF	TRBV2	TRBJ2-2		CAIDLSSNNRIFF	TRAV13D-2	TRAJ31	m12	2
CASSYDWGGAGTGQLYF	TRBV4	TRBJ2-2	TRBD2	CAAEAAGSFNKLTF	TRAV4D-4	TRAJ4	m12	8
CASSYDWGGAGTGQLYF	TRBV4	TRBJ2-2	TRBD2	CAASVPGTGSNRLTF	TRAV7D-2	TRAJ28	m12	9
CTCSADWGNQDTQYF	TRBV1	TRBJ2-5		CARATSSGQKLVF	TRAV8-1	TRAJ16	m12	1
CTCSADWGNQDTQYF	TRBV1	TRBJ2-5		CAADYGSSGNKLIF	TRAV4-4-DV10	TRAJ32	m12	1
CASSLNTGQLYF	TRBV15	TRBJ2-2		CARATSSGQKLVF	TRAV8-1	TRAJ16	m12	1
CASSLNTGQLYF	TRBV15	TRBJ2-2		CAADYGSSGNKLIF	TRAV4-4-DV10	TRAJ32	m12	1
CSSGIKNSNERLFF	TRBV23	TRBJ1-4		CALSAANSGTYQRF	TRAV12D-2	TRAJ13	m12	3
CAWRWGSSYEQYF	TRBV31	TRBJ2-7		CAASNQGGSAKLIF	TRAV14-3	TRAJ57	m12	1
CASSMLGSSAETLYF	TRBV19	TRBJ2-3		CALGERGGSAKLIF	TRAV6D-6	TRAJ57	m12	1
CASSPWGVYAEQFF	TRBV3	TRBJ2-1		CIPKNQGGSAKLIF	TRAV21-DV12	TRAJ57	m12	2
CASGGDWGDAETLYF	TRBV13-2	TRBJ2-3		CAARRGSNAKLTF	TRAV10	TRAJ42	m12	1
CASGGGNQNTLYF	TRBV12-2	TRBJ2-4		CAARRGSNAKLTF	TRAV10	TRAJ42	m12	1
CASSPGTTNTEVFF	TRBV2	TRBJ1-1		CAARASGSWQLIF	TRAV7D-2	TRAJ22	m12	2
CASGGGGPNERLFF	TRBV12-2	TRBJ1-4		CAMREGRDQGGSAKLIF	TRAV16	TRAJ57	m12	1
CASSLQINERLFF	TRBV19	TRBJ1-4		CVLGDSNNRIFF	TRAV6D-5	TRAJ31	m12	1
CASSYRGNTEVFF	TRBV3	TRBJ1-1		CAAATSNTNKVVF	TRAV5-4	TRAJ34	m12	1
CGAEGTVYEQYF	TRBV20	TRBJ2-7		CAVSMGTASLGKLQF	TRAV7-3	TRAJ24	m12	6
CASSRGGHANTEVFF	TRBV2	TRBJ1-1		CAADPTGGNNKLTF	TRAV19	TRAJ56	m12	2
CASSQEGGYYAEQFF	TRBV2	TRBJ2-1		CAMTLNYGSSGNKLIF	TRAV6-3	TRAJ32	m12	1
CASSQTGGDTLYF	TRBV12-1	TRBJ2-4	TRBD2	CAARQGGSAKLIF	TRAV4-4-DV10	TRAJ57	m12	1
CASSQTGGDTLYF	TRBV12-1	TRBJ2-4	TRBD2	CARHSGGSNYKLTF	TRAV17	TRAJ53	m12	1
CASSPGLGGQDTQYF	TRBV3	TRBJ2-5	TRBD2	CAAEANTGANTGKLTF	TRAV4D-4	TRAJ52	m12	1
CASSRQNTGQLYF	TRBV17	TRBJ2-2		CAARGTNAYKVIF	TRAV14D-2	TRAJ30	m12	1
CASSRQNTGQLYF	TRBV17	TRBJ2-2		CAMRGAGNTGKLIF	TRAV6-3	TRAJ37	m12	1
CASSNQGYAEQFF	TRBV3	TRBJ2-1		CAASRTGGLSGKLTF	TRAV7-4	TRAJ2	m12	1
CASSLGRTAPLF	TRBV3	TRBJ1-5		CAASKAGYQNFYF	TRAV10	TRAJ49	m12	1
CASSSSYEQYF	TRBV16	TRBJ2-7		CAVKPGSGGKLTL	TRAV7-3	TRAJ44	m12	1
CASSRLGTSAETLYF	TRBV4	TRBJ2-3		CAVSYQGGRALIF	TRAV9-4	TRAJ15	m12	1
CASSLTGKVVGNQAPLF	TRBV3	TRBJ1-5		CAASDYSNNRLTL	TRAV14N-3	TRAJ7	m12	7
CASSHPGLSSYEQYF	TRBV2	TRBJ2-7		CAASADYSNNRLTL	TRAV14D-1	TRAJ7	m12	1
CASSIWERGQNTLYF	TRBV19	TRBJ2-4	TRBD1	CALGDRTNTGKLTF	TRAV6D-6	TRAJ27	m12	5
CASGDAPGGHDEQYF	TRBV12-2	TRBJ2-7		CAARKKNNNAPRF	TRAV7-4	TRAJ43	m12	12
CASRGQSSYEQYF	TRBV13-1	TRBJ2-7		CAASGTGSGGKLTL	TRAV14D-3-DV8	TRAJ44	m12	4
CASSRGGLNQDTQYF	TRBV15	TRBJ2-5		CAAGTGGYKVVF	TRAV4D-4	TRAJ12	m12	1
CGARDNYAEQFF	TRBV20	TRBJ2-1		CVLSAWGGSGGKLTL	TRAV9-2	TRAJ44	m12	2
CASSEVDRGTETLYF	TRBV13-3	TRBJ2-3	TRBD1	CAASERNSNYQLIW	TRAV7D-4	TRAJ33	m12	1
CASSEVDRGTETLYF	TRBV13-3	TRBJ2-3	TRBD1	CAADRGSSGNKLIF	TRAV4-4-DV10	TRAJ32	m12	1
CASSFRGHQDTQYF	TRBV16	TRBJ2-5	TRBD1	CAAEGGNYKPTF	TRAV4D-4	TRAJ6	m12	2
CASSLVWGGNTGQLYF	TRBV12-1	TRBJ2-2		CAASASWQLIF	TRAV14D-3-DV8	TRAJ22	m12	1
CTCSAALYEQYF	TRBV1	TRBJ2-7		CVVGADTNTGKLTF	TRAV11	TRAJ27	m12	3
CTCSAALYEQYF	TRBV1	TRBJ2-7		CAVSKSTGANTGKLTF	TRAV7-3	TRAJ52	m12	4
CASGDVWGRGGSQDTQYF	TRBV12-2	TRBJ2-5		CAARQGGSAKLIF	TRAV14-3	TRAJ57	m12	1
CASGDVWGRGGSQDTQYF	TRBV12-2	TRBJ2-5		CASDSGGSNAKLTF	TRAV13-4-DV7	TRAJ42	m12	1
CASSILAETLYF	TRBV19	TRBJ2-3		CAARDYGNEKITF	TRAV4-4-DV10	TRAJ48	m12	2
CGARDSQQYF	TRBV20	TRBJ2-7		CAAEPNRIFF	TRAV4-3	TRAJ31	m12	4
CASSDATGSQDTQYF	TRBV13-3	TRBJ2-5		CAVSDRGNTNKVVF	TRAV3-3	TRAJ34	m12	1
CASSEGQGSSYEQYF	TRBV13-1	TRBJ2-7	TRBD1	CAAGASSGSWQLIF	TRAV4D-4	TRAJ22	m12	4
CASSPGTTNTEVFF	TRBV2	TRBJ1-1		CALGKGGADRLTF	TRAV6D-6	TRAJ45	m12	1
CASSFRTGEYEQYF	TRBV16	TRBJ2-7		CALSYQGGRALIF	TRAV12D-3	TRAJ15	m12	2
CASSLDGGGDTEVFF	TRBV12-2	TRBJ1-1		CAVSFRNSNNRIFF	TRAV9-4	TRAJ31	m12	1
CASSSGVDTGQLYF	TRBV19	TRBJ2-2		CAVSFRNSNNRIFF	TRAV9-4	TRAJ31	m12	1
CASSLGNTGQLYF	TRBV16	TRBJ2-2		CALSDPGTGNTGKLIF	TRAV6-7-DV9	TRAJ37	m12	1
CASSQENRAETLYF	TRBV2	TRBJ2-3		CALGDPGNYKYVF	TRAV6N-7	TRAJ40	m12	4
CASSPVPGLGSAETLYF	TRBV3	TRBJ2-3		CILRALMATGGNNKLTF	TRAV21-DV12	TRAJ56	m12	2
CASSQDPGGDDYTF	TRBV2	TRBJ1-2		CAVRPSGSFNKLTF	TRAV9D-3	TRAJ4	m12	3
CASSYRDWGQDTQYF	TRBV4	TRBJ2-5	TRBD1	CAMREGNYGSSGNKLIF	TRAV16N	TRAJ32	m12	1
CASGDGLGGLAEQFF	TRBV13-2	TRBJ2-1	TRBD2	CALAFNSGGSNAKLTF	TRAV6N-5	TRAJ42	m12	5
CASGDGLGGLAEQFF	TRBV13-2	TRBJ2-1	TRBD2	CAGHNVGDNSKLIW	TRAV13D-2	TRAJ38	m12	5
CAWSLGTGGAPTLYF	TRBV31	TRBJ2-4	TRBD2	CAAGASNTNKVVF	TRAV4D-4	TRAJ34	m12	1
CASSQDTGFNQDTQYF	TRBV5	TRBJ2-5		CAAGASNTNKVVF	TRAV4D-4	TRAJ34	m12	1
CASSQDWGAYEQYF	TRBV2	TRBJ2-7		CAGGPNTNKVVF	TRAV5-4	TRAJ34	m12	1
CASGEAPGGQNTLYF	TRBV13-2	TRBJ2-4	TRBD1	CAATGGSNAKLTF	TRAV5-4	TRAJ42	m12	3
CASSQPGTGGREQYF	TRBV5	TRBJ2-7	TRBD1	CAASNQGGRALIF	TRAV14-1	TRAJ15	m12	1
CASSDRGNSDYTF	TRBV13-1	TRBJ1-2	TRBD1	CAMERDQGGRALIF	TRAV13N-4	TRAJ15	m12	1
CASSLGTFQDTQYF	TRBV5	TRBJ2-5		CAVLGTNAYKVIF	TRAV7N-6	TRAJ30	m12	2
CASSRNRGLGNTLYF	TRBV12-1	TRBJ1-3	TRBD1	CAVRGGGSNAKLTF	TRAV7-1	TRAJ42	m12	2
CASSPDWGGQDTQYF	TRBV19	TRBJ2-5	TRBD2	CALSASMSNYNVLYF	TRAV6N-6	TRAJ21	m12	2
CASSSTGRQYF	TRBV4	TRBJ2-7		CAVRSSSSFSKLVF	TRAV9-1	TRAJ50	m12	3
CASGEAQTNTEVFF	TRBV13-2	TRBJ1-1		CAASATNTGKLTF	TRAV14-1	TRAJ27	m12	5
CASGDAGTDEQYF	TRBV12-2	TRBJ2-7		CVLSMNNNAGAKLTF	TRAV9-2	TRAJ39	m12	6
CASRPTISYEQYF	TRBV2	TRBJ2-7		CAASIGYAQGLTF	TRAV7D-2	TRAJ26	m12	1
CASSEGSQNTLYF	TRBV13-1	TRBJ2-4		CAASTPNTGKLTF	TRAV7D-2	TRAJ27	m12	1
CASSLWTGNAEQFF	TRBV26	TRBJ2-1		CAASRKGKLIF	TRAV14D-1	TRAJ23	m12	1
CASGTGRTEVFF	TRBV13-2	TRBJ1-1		CATSSSGSWQLIF	TRAV8D-2	TRAJ22	m12	1
CASGEGEQYF	TRBV12-2	TRBJ2-7		CALEDNTNTGKLTF	TRAV13-1	TRAJ27	m12	2
CASSPRDWGDAEQFF	TRBV3	TRBJ2-1		CALSSSGGNYKPTF	TRAV6N-6	TRAJ6	m12	2
CASSQDRGGDTQYF	TRBV5	TRBJ2-5		CALRINTGNYKYVF	TRAV6-7-DV9	TRAJ40	m12	2
CASSLGFSQNTLYF	TRBV3	TRBJ2-4		CALSDRNTGNYKYVF	TRAV6-7-DV9	TRAJ40	m12	1
CASGDTNYAEQFF	TRBV12-2	TRBJ2-1		CAMREGQGGRALIF	TRAV6-3	TRAJ15	m12	3
CASSLDRNSYEQYF	TRBV3	TRBJ2-7		CALRNTNTGKLTF	TRAV6-7-DV9	TRAJ27	m12	1
CASGGTNYAEQFF	TRBV13-2	TRBJ2-1		CALSDRPGNTGKLIF	TRAV6-7-DV9	TRAJ37	m12	3
CASSDGLGGRDTQYF	TRBV13-1	TRBJ2-5	TRBD2	CAPAGNKLTF	TRAV13-2	TRAJ17	m12	1
CASSDAVGGAETLYF	TRBV13-1	TRBJ2-3		CAASINSAGNKLTF	TRAV10N	TRAJ17	m12	1
CASGDAPGGHDEQYF	TRBV13-2	TRBJ2-7		CAARKKNNNAPRF	TRAV7-4	TRAJ43	m12	12
CASSYGRINSPLYF	TRBV4	TRBJ1-6		CILRYGGNNKLTF	TRAV21-DV12	TRAJ56	m12	2
CASSQDNSDYTF	TRBV2	TRBJ1-2		CAARRNNNNAPRF	TRAV7-4	TRAJ43	m12	1
CASGDWGGAETLYF	TRBV12-2	TRBJ2-3	TRBD2	CAAEAGNYNQGKLIF	TRAV4D-3	TRAJ23	m12	1
CASGDKTGRDTQYF	TRBV13-2	TRBJ2-5		CAATNAYKVIF	TRAV5-4	TRAJ30	m12	1
CASSQEGANTEVFF	TRBV5	TRBJ1-1		CAATNAYKVIF	TRAV5-4	TRAJ30	m12	1
CASSMGLGGIQNTLYF	TRBV19	TRBJ2-4		CALSDYGSSGNKLIF	TRAV6-7-DV9	TRAJ32	m12	1
CASSRTNQDTQYF	TRBV2	TRBJ2-5		CAADPTGGNNKLTF	TRAV4-3	TRAJ56	m12	11
CASGSGTGDTEVFF	TRBV12-2	TRBJ1-1	TRBD1	CALVMTNSAGNKLTF	TRAV6-4	TRAJ17	m12	1
CASGDKTGRDTQYF	TRBV13-2	TRBJ2-5		CAANTGNYKYVF	TRAV4-4-DV10	TRAJ40	m12	2
CASGDKTGRDTQYF	TRBV13-2	TRBJ2-5		CALGASNTNKVVF	TRAV6D-6	TRAJ34	m12	2
CASSDGGGQNTLYF	TRBV13-1	TRBJ2-4		CALERGTNAYKVIF	TRAV13-1	TRAJ30	m12	3
CAWSLSGHTEVFF	TRBV31	TRBJ1-1		CALFNTGNYKYVF	TRAV6D-6	TRAJ40	m12	2
CASSGQISGNTLYF	TRBV13-3	TRBJ1-3		CALGGVYGNEKITF	TRAV6D-6	TRAJ48	m12	1
CTCSAGTGRGTEVFF	TRBV1	TRBJ1-1		CAVSPSSGSWQLIF	TRAV9-1	TRAJ22	m12	1
CASSLETKNTLYF	TRBV16	TRBJ2-4		CAASGDRIFF	TRAV10	TRAJ31	m12	2
CASRLGVGQDTQYF	TRBV13-3	TRBJ2-5		CAARSNSGTYQRF	TRAV14D-1	TRAJ13	m12	1
CASSLVGFSAETLYF	TRBV15	TRBJ2-3		CALGAASSGSWQLIF	TRAV6D-6	TRAJ22	m12	1
CASSPGHQNTLYF	TRBV5	TRBJ2-4		CAVSGDTGNYKYVF	TRAV7D-5	TRAJ40	m12	1
CASSQAIVSGNTLYF	TRBV2	TRBJ1-3		CAAEETGGYKVVF	TRAV4D-3	TRAJ12	m12	5
CAWSLEGGYAEQFF	TRBV31	TRBJ2-1		CALSVMSNYNVLYF	TRAV12-2	TRAJ21	m12	1
CASSWGAQNTLYF	TRBV4	TRBJ2-4		CALSGAGNTGKLIF	TRAV6-7-DV9	TRAJ37	m12	2
CASEGDRGQAPLF	TRBV13-2	TRBJ1-5	TRBD1	CATDGAGGYKVVF	TRAV8N-2	TRAJ12	m12	2
CASWVGSQNTLYF	TRBV12-1	TRBJ2-4		CALSDRVNYAQGLTF	TRAV12-1	TRAJ26	m12	1
CASSWAGGSNERLFF	TRBV16	TRBJ1-4	TRBD1	CAATGNTGKLIF	TRAV14D-1	TRAJ37	m12	2
CASGKLGVQDTQYF	TRBV13-2	TRBJ2-5		CAMTPSGSWQLIF	TRAV6-3	TRAJ22	m12	2
CASSLNSGNTLYF	TRBV3	TRBJ1-3		CAVSGNNNNAPRF	TRAV3D-3	TRAJ43	m12	1
CASQDRNYAEQFF	TRBV26	TRBJ2-1		CARQQGTGSKLSF	TRAV8-1	TRAJ58	m12	1
CASGESGANTGQLYF	TRBV12-2	TRBJ2-2		CALSDRGGSALGRLHF	TRAV12D-3	TRAJ18	m12	1
CASGESGANTGQLYF	TRBV12-2	TRBJ2-2		CAASKTGGYKVVF	TRAV14D-3-DV8	TRAJ12	m12	1
CASSSDWGLSAETLYF	TRBV19	TRBJ2-3	TRBD1	CAVRNSGGSNYKLTF	TRAV7-5	TRAJ53	m12	4
CAWSRGGNTGQLYF	TRBV31	TRBJ2-2		CAFNSGGSNAKLTF	TRAV13-4-DV7	TRAJ42	m12	1
CASSDAGGGPNSDYTF	TRBV13-1	TRBJ1-2		CAAWTGGYKVVF	TRAV4D-4	TRAJ12	m12	1
CASSLSYNSPLYF	TRBV4	TRBJ1-6		CALSAEGTGGLSGKLTF	TRAV12D-3	TRAJ2	m12	1
CASSQEGTGNQAPLF	TRBV5	TRBJ1-5	TRBD1	CALSAEGTGGLSGKLTF	TRAV12D-3	TRAJ2	m12	1
CASSSGQGNYAEQFF	TRBV4	TRBJ2-1	TRBD1	CALSTGYQNFYF	TRAV12-3	TRAJ49	m12	1
CASGRGRRDTQYF	TRBV13-2	TRBJ2-5	TRBD1	CAATKNTEGADRLTF	TRAV7-4	TRAJ45	m12	1
CASGRGRRDTQYF	TRBV13-2	TRBJ2-5	TRBD1	CAASAGVGDNSKLIW	TRAV14-1	TRAJ38	m12	1
CTCSAHRGRNSPLYF	TRBV1	TRBJ1-6	TRBD1	CAGGSNAKLTF	TRAV5-4	TRAJ42	m12	3
CASRQISNERLFF	TRBV4	TRBJ1-4		CAASPGYNVLYF	TRAV14D-1	TRAJ21	m12	2
CASSLGGGDTQYF	TRBV14	TRBJ2-5		CAVRGGSGYNKLTF	TRAV3D-3	TRAJ11	m12	1
CASGSQGGNTEVFF	TRBV13-2	TRBJ1-1		CALSTNNRIFF	TRAV6-5	TRAJ31	m12	2
CASSPGQSNERLFF	TRBV12-1	TRBJ1-4		CALSNNAGAKLTF	TRAV6-5	TRAJ39	m12	1
CASSPGQSNERLFF	TRBV12-1	TRBJ1-4		CALRHSNNRIFF	TRAV12-3	TRAJ31	m12	1
CGARRTGGNSPLYF	TRBV20	TRBJ1-6	TRBD1	CAANNNAGAKLTF	TRAV5D-4	TRAJ39	m12	1
CASSDSTGSKQFF	TRBV13-1	TRBJ2-1		CAANTGNYKYVF	TRAV5-4	TRAJ40	m12	2
CTCSADQNTGQLYF	TRBV1	TRBJ2-2		CAAAPMSNYNVLYF	TRAV4D-3	TRAJ21	m12	1
CASSDAGGIALYF	TRBV13-1	TRBJ2-4		CVLSAGTGNYKYVF	TRAV9-2	TRAJ40	m12	1
CASSTPGQNTEVFF	TRBV2	TRBJ1-1		CAASASSGSWQLIF	TRAV14-1	TRAJ22	m12	1
CTCSAHRGRNSPLYF	TRBV1	TRBJ1-6	TRBD1	CAEPGGNYKPTF	TRAV6N-6	TRAJ6	m12	2
CTCSAHRGRNSPLYF	TRBV1	TRBJ1-6	TRBD1	CAASSSGSWQLIF	TRAV10	TRAJ22	m12	2
CAWSLGGARDTQYF	TRBV31	TRBJ2-5	TRBD2	CAVSPGGGSNYKLTF	TRAV7-6	TRAJ53	m12	1
CASSDMAGKNERLFF	TRBV13-1	TRBJ1-4		CAAEASSSFSKLVF	TRAV4-4-DV10	TRAJ50	m12	1
CASSVRGPFSGNTLYF	TRBV16	TRBJ1-3		CADLASSSFSKLVF	TRAV7D-3	TRAJ50	m12	1
CASSQGRTGGYEQYF	TRBV5	TRBJ2-7	TRBD1	CAASPNNYAQGLTF	TRAV14-1	TRAJ26	m12	1
CASSPGGGTGQLYF	TRBV4	TRBJ2-2		CVLRAGNTGKLIF	TRAV9-2	TRAJ37	m12	1
CASSLVEWGGYEQYF	TRBV3	TRBJ2-7		CAASIRNNRIFF	TRAV10	TRAJ31	m12	2
CASSRQGGNTEVFF	TRBV12-1	TRBJ1-1	TRBD1	CAAGVYQGGRALIF	TRAV4D-4	TRAJ15	m12	1
CASSRQGGNTEVFF	TRBV12-1	TRBJ1-1	TRBD1	CAASGGYGSSGNKLIF	TRAV14N-3	TRAJ32	m12	1
CASSPGQGAGNTLYF	TRBV3	TRBJ1-3	TRBD1	CALSNYAQGLTF	TRAV12D-3	TRAJ26	m12	1
CASSRPGTGGTYEQYF	TRBV2	TRBJ2-7	TRBD1	CAAEAEQGGRALIF	TRAV4D-4	TRAJ15	m12	2
CASSRDNSDYTF	TRBV17	TRBJ1-2		CAIITGNTGKLIF	TRAV13D-2	TRAJ37	m12	1
CTCSAPWGANTGQLYF	TRBV1	TRBJ2-2		CAAEDYNQGKLIF	TRAV4D-4	TRAJ23	m12	1
CTCSAPWGANTGQLYF	TRBV1	TRBJ2-2		CAAGTGGYKVVF	TRAV4D-4	TRAJ12	m12	1
CASSQEDRGDTQYF	TRBV2	TRBJ2-5		CAATNTNTGKLTF	TRAV7D-2	TRAJ27	m12	1
CASSIPWGVNQDTQYF	TRBV19	TRBJ2-5		CALGPLASSGSWQLIF	TRAV6N-7	TRAJ22	m12	1
CASGAFDRTNSDYTF	TRBV12-2	TRBJ1-2		CALGYDTNAYKVIF	TRAV6N-7	TRAJ30	m12	10
CASGAFDRTNSDYTF	TRBV12-2	TRBJ1-2		CATAVF	TRAV8-1	TRAJ34	m12	9
CASGDFGRSGNTLYF	TRBV13-2	TRBJ1-3		CAAVNVGDNSKLIW	TRAV7D-4	TRAJ38	m12	1
CAWMGQGNERLFF	TRBV31	TRBJ1-4	TRBD1	CAASEPSNNRIFF	TRAV7-4	TRAJ31	m12	1
CASGAGRDTQYF	TRBV13-2	TRBJ2-5		CALRVNTGNYKYVF	TRAV12-2	TRAJ40	m12	1
CASSQTGANTEVFF	TRBV2	TRBJ1-1		CAAPGGGYQNFYF	TRAV14-1	TRAJ49	m12	1
CASSQTGANTEVFF	TRBV2	TRBJ1-1		CAMREGRNQGGSAKLIF	TRAV16	TRAJ57	m12	1
CASSATGGSTTGQLYF	TRBV4	TRBJ2-2		CALSENNNRIFF	TRAV12D-2	TRAJ31	m12	1
CASSATGGSTTGQLYF	TRBV4	TRBJ2-2		CAVSATSNNRIFF	TRAV9D-1	TRAJ31	m12	1
CTCSGAGGFSNERLFF	TRBV1	TRBJ1-4	TRBD1	CAARTTASLGKLQF	TRAV7-4	TRAJ24	m12	4
CASSLDRGGDTQYF	TRBV12-2	TRBJ2-5		CAAGGADRLTF	TRAV19	TRAJ45	m12	1
CASSPLGGARAEQFF	TRBV13-1	TRBJ2-1		CGGNQGGSAKLIF	TRAV5-4	TRAJ57	m12	1
CASRPWGNYAEQFF	TRBV3	TRBJ2-1		CALGRTGNTGKLIF	TRAV6D-6	TRAJ37	m12	1
CASSDAQHSYEQYF	TRBV13-1	TRBJ2-7		CAVMMGYKLTF	TRAV7-5	TRAJ9	m12	2
CASSSPTGLEQYF	TRBV4	TRBJ2-7		CAIQNMGYKLTF	TRAV13D-2	TRAJ9	m12	1
CGARDNERLFF	TRBV20	TRBJ1-4		CAMERDNTNKVVF	TRAV13N-1	TRAJ34	m12	1
CASSRLGGRGQDTQYF	TRBV5	TRBJ2-5	TRBD2	CALRVTGSGGKLTL	TRAV6-7-DV9	TRAJ44	m12	1
CASRDSSGNTLYF	TRBV13-3	TRBJ1-3		CAASVGASSSFSKLVF	TRAV7D-4	TRAJ50	m12	1
CASSVGQYEQYF	TRBV13-3	TRBJ2-7		CAMRSNTGNYKYVF	TRAV6-3	TRAJ40	m12	1
CASSLGGGGAETLYF	TRBV16	TRBJ2-3		CAVSPDSNYQLIW	TRAV3D-3	TRAJ33	m12	1
CASSPLRRDNYEQYF	TRBV5	TRBJ2-7		CAAEGSNYNVLYF	TRAV4D-4	TRAJ21	m12	4
CASSGRNSPLYF	TRBV13-1	TRBJ1-6		CAIEGGSALGRLHF	TRAV13D-2	TRAJ18	m12	1
CASSLSPGQNTLYF	TRBV12-1	TRBJ2-4		CAASDTNAYKVIF	TRAV7D-2	TRAJ30	m12	1
CASSLSPGQNTLYF	TRBV12-1	TRBJ2-4		CAGYGSSGNKLIF	TRAV13-2	TRAJ32	m12	1
CGARAGGFGNTLYF	TRBV20	TRBJ1-3	TRBD1	CALGGSNTNKVVF	TRAV6N-7	TRAJ34	m12	1
CASSFDRANQDTQYF	TRBV4	TRBJ2-5		CALRISSNTNKVVF	TRAV12-2	TRAJ34	m12	1
CASSFDRANQDTQYF	TRBV4	TRBJ2-5		CALVPRSGGSNAKLTF	TRAV6D-4	TRAJ42	m12	1
CASSRPGNTLYF	TRBV12-1	TRBJ1-3		CALRISSNTNKVVF	TRAV12-2	TRAJ34	m12	1
CASSRPGNTLYF	TRBV12-1	TRBJ1-3		CALVPRSGGSNAKLTF	TRAV6D-4	TRAJ42	m12	1
CASSVRANTEVFF	TRBV12-1	TRBJ1-1		CAANTNAYKVIF	TRAV7-4	TRAJ30	m12	3
CASSQGGGVSSYEQYF	TRBV2	TRBJ2-7		CAMRESSNTNKVVF	TRAV16	TRAJ34	m12	1
CASSQGGGVSSYEQYF	TRBV2	TRBJ2-7		CALSRPRIFF	TRAV6-7-DV9	TRAJ31	m12	3
CAWSLGYSNERLFF	TRBV31	TRBJ1-4		CAVTLYNQGKLIF	TRAV7-1	TRAJ23	m12	1
CASSHDWGGAEQFF	TRBV2	TRBJ2-1	TRBD2	CAASNNNNAPRF	TRAV10	TRAJ43	m12	1
CAWRQGISQNTLYF	TRBV31	TRBJ2-4		CALTSGSWQLIF	TRAV9N-4	TRAJ22	m12	3
CASSRLGTYEQYF	TRBV13-3	TRBJ2-7		CAVRGTGNTGKLIF	TRAV7-6	TRAJ37	m12	1
CASSQNNRDTEVFF	TRBV2	TRBJ1-1		CAATLNTEGADRLTF	TRAV14D-2	TRAJ45	m12	1
CTCSADHEQYF	TRBV1	TRBJ2-7		CAASASSGSWQLIF	TRAV7D-2	TRAJ22	m12	1
CASSRLGGLGEQYF	TRBV12-1	TRBJ2-7	TRBD2	CAAVQQGTGSKLSF	TRAV10N	TRAJ58	m12	2
CASSRLGGLGEQYF	TRBV12-1	TRBJ2-7	TRBD2	CALSVGGNNKLTF	TRAV6-7-DV9	TRAJ56	m12	1
CASSRGANAEQFF	TRBV17	TRBJ2-1		CAPPSNTNKVVF	TRAV13-1	TRAJ34	m12	2
CASSLGQAETLYF	TRBV3	TRBJ2-3		CAAASSSGSWQLIF	TRAV4D-4	TRAJ22	m12	2
CASSAGTGGSYEQYF	TRBV13-1	TRBJ2-7		CAAASSSGSWQLIF	TRAV4D-4	TRAJ22	m12	2
CASSSLGGSAETLYF	TRBV15	TRBJ2-3		CAAKYQGGRALIF	TRAV14D-3-DV8	TRAJ15	m12	1
CASAHWGGYAEQFF	TRBV12-2	TRBJ2-1	TRBD2	CALGRGTGNTGKLIF	TRAV6D-6	TRAJ37	m12	1
CASSLQGAEVFF	TRBV5	TRBJ1-1		CAASNTGNYKYVF	TRAV7D-2	TRAJ40	m12	2
CASSLSGRNSDYTF	TRBV26	TRBJ1-2		CAMEMGYKLTF	TRAV13D-4	TRAJ9	m12	1
CASSLDWGGYAEQFF	TRBV4	TRBJ2-1	TRBD2	CQSTNAYKVIF	TRAV16D-DV11	TRAJ30	m12	1
CASSSGTGGANSDYTF	TRBV13-3	TRBJ1-2	TRBD1	CAASHDTNAYKVIF	TRAV14-2	TRAJ30	m12	1
CTCSAGGPNERLFF	TRBV1	TRBJ1-4	TRBD1	CAAEERSNYNVLYF	TRAV4D-4	TRAJ21	m12	1
CASSLAGGPANTGQLYF	TRBV12-1	TRBJ2-2		CALRGASSGSWQLIF	TRAV12-2	TRAJ22	m12	1
CASSQTGVRAETLYF	TRBV2	TRBJ2-3		CAAEDSNYQLIW	TRAV4D-3	TRAJ33	m12	1
CASSLTAANTEVFF	TRBV26	TRBJ1-1		CAASGTGANTGKLTF	TRAV14-2	TRAJ52	m12	1
CASSRGLGGLQDTQYF	TRBV12-1	TRBJ2-5	TRBD2	CALSNYAQGLTF	TRAV12D-3	TRAJ26	m12	2
CASSDGGSSYEQYF	TRBV13-3	TRBJ2-7		CAVSLNTNTGKLTF	TRAV7-5	TRAJ27	m12	1
CASSLSWGNTLYF	TRBV15	TRBJ2-4		CATETEGADRLTF	TRAV8D-2	TRAJ45	m12	1
CASSQPDKEVFF	TRBV2	TRBJ1-1		CAVSNNRIFF	TRAV7N-6	TRAJ31	m12	1
CASSFGQNNSPLYF	TRBV26	TRBJ1-6		CAASKNSGGSNAKLTF	TRAV10	TRAJ42	m12	1
CASGGGNQDTQYF	TRBV12-2	TRBJ2-5		CAASTITGNTGKLIF	TRAV5-4	TRAJ37	m12	3
CASGEAPGGQNTLYF	TRBV12-2	TRBJ2-4	TRBD1	CAATGGSNAKLTF	TRAV5-4	TRAJ42	m12	3
CASSFRDNNERLFF	TRBV5	TRBJ1-4		CAAGTGGYKVVF	TRAV14D-2	TRAJ12	m12	4
CASSLGRGRVFF	TRBV14	TRBJ1-1	TRBD1	CALSINNYAQGLTF	TRAV9N-4	TRAJ26	m12	1
CTSTGGSGNTLYF	TRBV1	TRBJ1-3		CAIDMSNYNVLYF	TRAV13D-2	TRAJ21	m12	2
CASSRGLGVSAETLYF	TRBV12-1	TRBJ2-3		CALRGNTGANTGKLTF	TRAV6-7-DV9	TRAJ52	m12	1
CASSTTKYAEQFF	TRBV15	TRBJ2-1		CAAEAGSNYQLIW	TRAV4-4-DV10	TRAJ33	m12	1
CASGDAGGRGAETLYF	TRBV12-2	TRBJ2-3	TRBD1	CAARVTGSGGKLTL	TRAV5-4	TRAJ44	m12	1
CASSDPGQQDTQYF	TRBV13-3	TRBJ2-5		CAVIASSSFSKLVF	TRAV9-1	TRAJ50	m12	1
CASSQEGRKDTQYF	TRBV5	TRBJ2-5		CALSEATGGNNKLTF	TRAV6-7-DV9	TRAJ56	m12	1
CAWSLVGSAETLYF	TRBV31	TRBJ2-3		CAAEETGGYKVVF	TRAV4D-3	TRAJ12	m12	1
CASSQDSGSEVFF	TRBV5	TRBJ1-1		CALSGRGSALGRLHF	TRAV6N-6	TRAJ18	m12	2
CASSVQGGEQYF	TRBV13-1	TRBJ2-7		CALSEGGGYKVVF	TRAV6-7-DV9	TRAJ12	m12	1
CASSVQGGEQYF	TRBV13-1	TRBJ2-7		CAMERNTGNYKYVF	TRAV13D-1	TRAJ40	m12	1
CASSLWGRGTEVFF	TRBV12-1	TRBJ1-1		CVLRTEGADRLTF	TRAV13-5	TRAJ45	m12	1
CASSLWGRGTEVFF	TRBV12-1	TRBJ1-1		CAALDSNYQLIW	TRAV4D-4	TRAJ33	m12	1
CASRTGGAETLYF	TRBV15	TRBJ2-3	TRBD2	CAVRPASSGSWQLIF	TRAV3D-3	TRAJ22	m12	2
CASRTGGAETLYF	TRBV15	TRBJ2-3	TRBD2	CAVRVNSNNRIFF	TRAV9-1	TRAJ31	m12	1
CASSGDRGSDYTF	TRBV3	TRBJ1-2	TRBD1	CALEGQLQGGSAKLIF	TRAV17	TRAJ57	m12	5
CASSLLGGQGTGQLYF	TRBV2	TRBJ2-2		CAVRGTNTGKLTF	TRAV7N-6	TRAJ27	m12	1
CASSRQTEVFF	TRBV12-1	TRBJ1-1		CAMREVSNMGYKLTF	TRAV16D-DV11	TRAJ9	m12	2
CASSLGSSYEQYF	TRBV16	TRBJ2-7		CALSDPGTGSKLSF	TRAV6-7-DV9	TRAJ58	m12	2
CASSLALEQYF	TRBV3	TRBJ2-7		CAASNYGNEKITF	TRAV10D	TRAJ48	m12	2
CASSPGHNQAPLF	TRBV12-1	TRBJ1-5		CAVSEGSGGSNYKLTF	TRAV3D-3	TRAJ53	m12	1
CASSYDEQYF	TRBV4	TRBJ2-7		CAVSSSGGNYKPTF	TRAV9D-1	TRAJ6	m12	1
CASSLAGTISNERLFF	TRBV29	TRBJ1-4		CALGDTGANTGKLTF	TRAV6D-6	TRAJ52	m12	1
CASSLGAGGPETLYF	TRBV15	TRBJ2-3		CAAGTGGYKVVF	TRAV4D-4	TRAJ12	m12	4
CASSIRRGGADTQYF	TRBV3	TRBJ2-5		CAVSMAGNTGKLIF	TRAV7-3	TRAJ37	m12	1
CASSIRRGGADTQYF	TRBV3	TRBJ2-5		CVLAEGDRIFF	TRAV6-2	TRAJ31	m12	1
CTCSADPLNSDYTF	TRBV1	TRBJ1-2		CAASASSGSWQLIF	TRAV14D-3-DV8	TRAJ22	m12	1
CASSKTTNTEVFF	TRBV13-1	TRBJ1-1		CAASPANSGTYQRF	TRAV10	TRAJ13	m12	2
CASGDPAQGQAPLF	TRBV13-2	TRBJ1-5	TRBD1	CAAATGYQNFYF	TRAV4-4-DV10	TRAJ49	m12	1
CASSTGTGGFTGQLYF	TRBV13-3	TRBJ2-2	TRBD1	CAALLYQGGRALIF	TRAV4D-3	TRAJ15	m12	1
CASSLRGLSYEQYF	TRBV3	TRBJ2-7		CAMSDSNYGSSGNKLIF	TRAV6D-3	TRAJ32	m12	1
CASSLRGLSYEQYF	TRBV3	TRBJ2-7		CALGEPSSGQKLVF	TRAV6D-6	TRAJ16	m12	1
CASSSQGFSYEQYF	TRBV3	TRBJ2-7		CAMREGGASSGQKLVF	TRAV16N	TRAJ16	m12	1
CASSQDRGGYAEQFF	TRBV2	TRBJ2-1		CALGPNAYKVIF	TRAV6N-7	TRAJ30	m12	1
CASSQDRGGYAEQFF	TRBV2	TRBJ2-1		CATDEAGGYKVVF	TRAV8-1	TRAJ12	m12	1
CASSPGPQAPLF	TRBV19	TRBJ1-5		CVLSGTGGYKVVF	TRAV9D-2	TRAJ12	m12	2
CASSIDERLFF	TRBV19	TRBJ1-4		CALKGTGSKLSF	TRAV13-1	TRAJ58	m12	3
CTCSGSQNTLYF	TRBV1	TRBJ2-4		CAAEIMSNYNVLYF	TRAV4D-4	TRAJ21	m12	1
CASSRDISAETLYF	TRBV4	TRBJ2-3		CAAEEPSGSWQLIF	TRAV4-4-DV10	TRAJ22	m12	1
CASSVDRVGNTLYF	TRBV13-3	TRBJ1-3		CALRGGSALGRLHF	TRAV12-1	TRAJ18	m12	3
CASSSDNNERLFF	TRBV3	TRBJ1-4		CAVRSGGNYKPTF	TRAV4D-4	TRAJ6	m12	1
CASSQEGSGGAETLYF	TRBV5	TRBJ2-3	TRBD2	CAAGYQGGRALIF	TRAV14-1	TRAJ15	m12	5
CASSSGTGIERLFF	TRBV2	TRBJ1-4	TRBD1	CAASPTGYQNFYF	TRAV10	TRAJ49	m12	1
CASSQEPGGSEQYF	TRBV5	TRBJ2-7		CALSPSSGSWQLIF	TRAV12D-2	TRAJ22	m12	1
CASSQEPGGSEQYF	TRBV5	TRBJ2-7		CAPQVVGQLTF	TRAV6-4	TRAJ5	m12	1
CASSLGLGLSAETLYF	TRBV5	TRBJ2-3		CALSMDTNTGKLTF	TRAV9N-4	TRAJ27	m12	2
CGASYRGDTEVFF	TRBV20	TRBJ1-1		CAASKGSNNRIFF	TRAV10	TRAJ31	m12	1
CASSHQGDTQYF	TRBV12-2	TRBJ2-5		CAMSSNTGYQNFYF	TRAV13-4-DV7	TRAJ49	m12	1
CASSQGRGRDTQYF	TRBV5	TRBJ2-5		CAAPRGSNAKLTF	TRAV14D-3-DV8	TRAJ42	m12	1
CASSSDWRSAETLYF	TRBV3	TRBJ2-3		CALSGSSSSFSKLVF	TRAV6-7-DV9	TRAJ50	m12	1
CASSPRDKYNSPLYF	TRBV26	TRBJ1-6		CAVSIGGNYQLIW	TRAV7-6	TRAJ33	m12	2
CASSQDHIYEQYF	TRBV2	TRBJ2-7		CAVSIGGNYQLIW	TRAV7-6	TRAJ33	m12	2
CASSRHGTRAPLF	TRBV16	TRBJ1-5		CILRGQGGSAKLIF	TRAV21-DV12	TRAJ57	m12	1
CGARDTGTNNQAPLF	TRBV20	TRBJ1-5		CATASNMGYKLTF	TRAV12-1	TRAJ9	m12	1
CASSGLGGAETLYF	TRBV13-3	TRBJ2-3	TRBD2	CATASNMGYKLTF	TRAV12-1	TRAJ9	m12	1
CASSLTGVEQYF	TRBV3	TRBJ2-7		CSASISSGSWQLIF	TRAV5-1	TRAJ22	m12	1
CASSRQHSYNSPLYF	TRBV12-2	TRBJ1-6		CALGGPGANKMIF	TRAV6N-7	TRAJ47	m12	1
CASSQEGSGSNERLFF	TRBV5	TRBJ1-4		CAVTPSNYNVLYF	TRAV3D-3	TRAJ21	m12	1
CASSLGGSDYTF	TRBV29	TRBJ1-2		CAASRRTGNTGKLIF	TRAV14-1	TRAJ37	m12	1
CATGTGGYAEQFF	TRBV12-2	TRBJ2-1	TRBD1	CALADTNAYKVIF	TRAV6N-5	TRAJ30	m12	1
CATGTGGYAEQFF	TRBV12-2	TRBJ2-1	TRBD1	CALSATNAYKVIF	TRAV12-2	TRAJ30	m12	1
CASGTGGFTLYF	TRBV13-3	TRBJ2-4		CAMEQTGGYKVVF	TRAV13D-1	TRAJ12	m12	2
CASSQDQLGGLEQYF	TRBV5	TRBJ2-7	TRBD2	CSASSYGSSGNKLIF	TRAV5-1	TRAJ32	m12	2
CASSPGQGAGNTLYF	TRBV3	TRBJ1-3	TRBD1	CAASPSSSFSKLVF	TRAV4D-4	TRAJ50	m12	2
CASSRGANTEVFF	TRBV12-2	TRBJ1-1		CAVILSGGNYKPTF	TRAV7D-3	TRAJ6	m12	1
CASSRQDQAPLF	TRBV12-1	TRBJ1-5		CAARTGGYKVVF	TRAV10D	TRAJ12	m12	1
CASSLAISNERLFF	TRBV12-1	TRBJ1-4		CAPSSNTNKVVF	TRAV13D-2	TRAJ34	m12	1
CSSSHHWGEVDTQYF	TRBV23	TRBJ2-5		CAAPNTGANTGKLTF	TRAV4D-4	TRAJ52	m12	3
CASSQEPAYEQYF	TRBV5	TRBJ2-7		CAVNNNNNAPRF	TRAV9-1	TRAJ43	m12	1
CASSLADTQYF	TRBV26	TRBJ2-5		CAARSSNTNKVVF	TRAV14-2	TRAJ34	m12	1
CASGADWGGAGTGQLYF	TRBV12-2	TRBJ2-2	TRBD2	CALLSGGNNKLTF	TRAV12D-3	TRAJ56	m12	1
CASSPTTNTGQLYF	TRBV3	TRBJ2-2		CALSMNSAGNKLTF	TRAV9N-4	TRAJ17	m12	1
CASGDAGTDEQYF	TRBV13-2	TRBJ2-7		CVLSMNNNAGAKLTF	TRAV9-2	TRAJ39	m12	6
CASSLAGGPETLYF	TRBV3	TRBJ2-3		CAASKGNTGKLIF	TRAV7D-2	TRAJ37	m12	1
CASSDRGPQDTQYF	TRBV13-1	TRBJ2-5	TRBD1	CAASGPNTNKVVF	TRAV5-4	TRAJ34	m12	1
CASSQGTGGAETLYF	TRBV5	TRBJ2-3		CAASSQGGSAKLIF	TRAV14-1	TRAJ57	m12	1
CASSRGTGKAETLYF	TRBV2	TRBJ2-3	TRBD2	CATDTGGNNKLTF	TRAV8D-1	TRAJ56	m12	1
CASSLEHTGQLYF	TRBV3	TRBJ2-2		CAIQGTGSKLSF	TRAV13-2	TRAJ58	m12	1
CASSDWGGPETLYF	TRBV13-1	TRBJ2-3	TRBD2	CAASLNTGYQNFYF	TRAV14-2	TRAJ49	m12	1
CASSDWGGPETLYF	TRBV13-1	TRBJ2-3	TRBD2	CAVSKANYGNEKITF	TRAV7-6	TRAJ48	m12	1
CSSSPWAEQFF	TRBV23	TRBJ2-1		CAARNTGYQNFYF	TRAV7-4	TRAJ49	m12	1
CASSQDRDNTLYF	TRBV5	TRBJ2-4		CAAFSNTNKVVF	TRAV4-4-DV10	TRAJ34	m12	1
CASSMDRLSGNTLYF	TRBV13-1	TRBJ1-3		CAAPTGGYKVVF	TRAV4D-3	TRAJ12	m12	4
CASSDRGSNERLFF	TRBV13-3	TRBJ1-4	TRBD1	CAASGGRGTGSKLSF	TRAV5-4	TRAJ58	m12	1
CASEGDRGQAPLF	TRBV13-2	TRBJ1-5	TRBD1	CALGTNAYKVIF	TRAV6N-7	TRAJ30	m12	1
CASGSGRTPLYF	TRBV13-2	TRBJ1-6		CAPITGNTGKLIF	TRAV13-2	TRAJ37	m12	1
CASSQEGAGWAERLFF	TRBV5	TRBJ1-4		CAASRGNYNVLYF	TRAV10	TRAJ21	m12	1
CASSQEGAGWAERLFF	TRBV5	TRBJ1-4		CAFYGSNYQLIW	TRAV13-1	TRAJ33	m12	1
CASSQVLDTGQLYF	TRBV5	TRBJ2-2		CALGEVATGGNNKLTF	TRAV6D-6	TRAJ56	m12	1
CASSPLGGRGEQYF	TRBV4	TRBJ2-7		CAVSASSAGNKLTF	TRAV8D-1	TRAJ17	m12	2
CASSLAQGADTLYF	TRBV3	TRBJ2-4	TRBD1	CAAEAGSNYNVLYF	TRAV4-4-DV10	TRAJ21	m12	1
CASSLRQTNYAEQFF	TRBV12-1	TRBJ2-1		CAVSRDNQGKLIF	TRAV7D-5	TRAJ23	m12	1
CTCSASGDTQYF	TRBV1	TRBJ2-5		CAAEGAEGADRLTF	TRAV4-4-DV10	TRAJ45	m12	1
CAFPFDSRAETLYF	TRBV31	TRBJ2-3		CALGGSNTNKVVF	TRAV6D-6	TRAJ34	m12	2
CTCSAARLGASSYEQYF	TRBV1	TRBJ2-7		CALREGNMGYKLTF	TRAV12-3	TRAJ9	m12	1
CASSSLTGSYAEQFF	TRBV12-2	TRBJ2-1		CAMERSSGSWQLIF	TRAV13N-4	TRAJ22	m12	1
CASSSLTGSYAEQFF	TRBV12-2	TRBJ2-1		CAAPASSGSWQLIF	TRAV10D	TRAJ22	m12	1
CASSRQGYSGNTLYF	TRBV12-1	TRBJ1-3		CALSESNNRIFF	TRAV12-2	TRAJ31	m12	1
CGARDSANSDYTF	TRBV20	TRBJ1-2		CALGLTGNTGKLIF	TRAV6N-7	TRAJ37	m12	1
CASSPTASAETLYF	TRBV15	TRBJ2-3		CALLDTNAYKVIF	TRAV6N-6	TRAJ30	m12	2
CASSPDSNNQAPLF	TRBV2	TRBJ1-5		CAVKRAGANTGKLTF	TRAV7-6	TRAJ52	m12	1
CASSPGQGYERLFF	TRBV13-1	TRBJ1-4	TRBD1	CAASVENQGGSAKLIF	TRAV14D-1	TRAJ57	m12	1
CASSLRGSDTGQLYF	TRBV26	TRBJ2-2		CALGENYNQGKLIF	TRAV6N-7	TRAJ23	m12	1
CAWSLWTPSAETLYF	TRBV31	TRBJ2-3		CAVSPSGSFNKLTF	TRAV7N-6	TRAJ4	m12	1
CSSRLGVNQDTQYF	TRBV30	TRBJ2-5		CVLGDQAMGYKLTF	TRAV6-2	TRAJ9	m12	1
CASGGTNYAEQFF	TRBV12-2	TRBJ2-1		CALSDRPGNTGKLIF	TRAV6-7-DV9	TRAJ37	m12	3
CASRLGQENSDYTF	TRBV3	TRBJ1-2		CALRAPSSGSWQLIF	TRAV12-3	TRAJ22	m12	1
CASSQDWGVQDTQYF	TRBV5	TRBJ2-5		CAMSSFYQGGRALIF	TRAV16N	TRAJ15	m12	2
CASSLRWGSQNTLYF	TRBV26	TRBJ2-4		CALGEGNSGTYQRF	TRAV6D-6	TRAJ13	m12	1
CASSGGHNSDYTF	TRBV13-1	TRBJ1-2		CAARRGSNYNVLYF	TRAV7-4	TRAJ21	m12	1
CGARQTGNPNERLFF	TRBV20	TRBJ1-4		CAAASSGSWQLIF	TRAV10	TRAJ22	m12	1
CASSLGYNYAEQFF	TRBV12-1	TRBJ2-1		CAASSSNYNVLYF	TRAV14-1	TRAJ21	m12	1
CASSLGTSYEQYF	TRBV12-2	TRBJ2-7		CAAGGTGSKLSF	TRAV5-4	TRAJ58	m12	1
CASSDVGGARDTQYF	TRBV13-1	TRBJ2-5		CAAREGGSAKLIF	TRAV14-3	TRAJ57	m12	1
CASSLESGHTGQLYF	TRBV16	TRBJ2-2		CAVSEGSGYNKLTF	TRAV3D-3	TRAJ11	m12	1
CASRHWGGSSYEQYF	TRBV13-3	TRBJ2-7	TRBD2	CAASAPSGSWQLIF	TRAV14D-2	TRAJ22	m12	2
CASRDSFSNERLFF	TRBV15	TRBJ1-4		CAASAGGRALIF	TRAV14-2	TRAJ15	m12	2
CASGTGGGETLYF	TRBV12-2	TRBJ2-3		CAVDPTGNTGKLIF	TRAV4-2	TRAJ37	m12	1
CASSFRVDTQYF	TRBV29	TRBJ2-5		CALWELATGNTGKLIF	TRAV15-1-DV6-1	TRAJ37	m12	1
CASSDQGSGNTLYF	TRBV13-3	TRBJ1-3		CAASRNNYAQGLTF	TRAV7-4	TRAJ26	m12	1
CASSPTTNSDYTF	TRBV3	TRBJ1-2		CAGSGADRLTF	TRAV3-3	TRAJ45	m12	1
CASSLAVANTEVFF	TRBV15	TRBJ1-1		CATDKNTGYQNFYF	TRAV8D-2	TRAJ49	m12	1
CASSLGVNTEVFF	TRBV3	TRBJ1-1		CAVSAGTGGYKVVF	TRAV3D-3	TRAJ12	m12	1
CASSFAANSYNSPLYF	TRBV15	TRBJ1-6		CAAFYQGGRALIF	TRAV3-3	TRAJ15	m12	1
CASSRQGADERLFF	TRBV12-1	TRBJ1-4	TRBD1	CAAFYQGGRALIF	TRAV3-3	TRAJ15	m12	1
CASSQETGSYNSPLYF	TRBV2	TRBJ1-6		CVLSSGSWQLIF	TRAV6-1	TRAJ22	m12	1
CASSLVGYEQYF	TRBV3	TRBJ2-7		CAAGPHQGGRALIF	TRAV4D-3	TRAJ15	m12	1
CAWRQGNQDTQYF	TRBV31	TRBJ2-5	TRBD1	CALISGSWQLIF	TRAV12D-2	TRAJ22	m12	4
CASSQEGGNTEVFF	TRBV2	TRBJ1-1		CALGTNAYKVIF	TRAV6N-7	TRAJ30	m12	1
CASSLSGTGYEQYF	TRBV12-1	TRBJ2-7	TRBD1	CAAGTGNTGKLIF	TRAV4-3	TRAJ37	m12	1
CASGGTENTLYF	TRBV12-2	TRBJ2-4		CAAIASSSFSKLVF	TRAV14-1	TRAJ50	m12	1
CASSSTGVEQYF	TRBV26	TRBJ2-7		CAMSENYAQGLTF	TRAV6D-3	TRAJ26	m12	1
CASSDLGLGGRADYAEQFF	TRBV13-1	TRBJ2-1	TRBD2	CALSSNTNKVVF	TRAV12D-3	TRAJ34	m12	1
CASSDLGLGGRADYAEQFF	TRBV13-1	TRBJ2-1	TRBD2	CAASRGYNQGKLIF	TRAV14-1	TRAJ23	m12	1
CASSLVGLHAEQFF	TRBV12-2	TRBJ2-1		CAVSSDTNAYKVIF	TRAV7-3	TRAJ30	m12	2
CASSLSGWEQYF	TRBV26	TRBJ2-7		CAAVGSSGNKLIF	TRAV7-4	TRAJ32	m12	2
CASSDAEQYEQYF	TRBV13-3	TRBJ2-7		CAASRNSNNRIFF	TRAV10N	TRAJ31	m12	1
CTCSAGDISYEQYF	TRBV1	TRBJ2-7		CAASRNSNNRIFF	TRAV10N	TRAJ31	m12	1
CASSFQNERLFF	TRBV16	TRBJ1-4		CALEFPNTGKLTF	TRAV13-1	TRAJ27	m12	1
CASSFQNERLFF	TRBV16	TRBJ1-4		CAASAGTGNTGKLIF	TRAV14-1	TRAJ37	m12	2
CASSLRGYEQYF	TRBV13-3	TRBJ2-7		CAASRPNTGKLTF	TRAV14D-2	TRAJ27	m12	1
CASSQDRRISGNTLYF	TRBV2	TRBJ1-3		CALSPGNNNNAPRF	TRAV9N-4	TRAJ43	m12	1
CASSQEAGGTYEQYF	TRBV5	TRBJ2-7	TRBD2	CVLGLNTGNYKYVF	TRAV6-2	TRAJ40	m12	1
CASSQRGHTGQLYF	TRBV2	TRBJ2-2		CVLSAGTGNYKYVF	TRAV9-2	TRAJ40	m12	1
CASSIRQQNTLYF	TRBV19	TRBJ2-4		CAASASSGSWQLIF	TRAV14-2	TRAJ22	m12	1
CASSDWEDTQYF	TRBV3	TRBJ2-5		CALATGGNNKLTF	TRAV6-7-DV9	TRAJ56	m12	1
CASSLLLGDYEQYF	TRBV3	TRBJ2-7		CAAKTGNYKYVF	TRAV7D-2	TRAJ40	m12	1
CASSLLLGDYEQYF	TRBV3	TRBJ2-7		CALGGNYKYVF	TRAV6D-4	TRAJ40	m12	1
CASSSPGLGYEQYF	TRBV3	TRBJ2-7		CAMREGRNAGAKLTF	TRAV16N	TRAJ39	m12	1
CTCSGKGGRAEQFF	TRBV1	TRBJ2-1	TRBD1	CAVSAGTNYNVLYF	TRAV9-4	TRAJ21	m12	4
CASGATGGAETLYF	TRBV13-2	TRBJ2-3		CAVSPTGFASALTF	TRAV9-4	TRAJ35	m12	2
CASSRQGRNERLFF	TRBV12-1	TRBJ1-4		CAMSRTGGYKVVF	TRAV6-3	TRAJ12	m12	1
CTCSADFQGQDTQYF	TRBV1	TRBJ2-5		CAMSRTGGYKVVF	TRAV6-3	TRAJ12	m12	1
CASSLNTGQLYF	TRBV16	TRBJ2-2		CAASEGTGNTGKLIF	TRAV14-1	TRAJ37	m12	1
CASSLARRTLYF	TRBV12-1	TRBJ2-3		CALSSNYGNEKITF	TRAV6-7-DV9	TRAJ48	m12	1
CASSQERGRYEQYF	TRBV5	TRBJ2-7	TRBD1	CALSEGSAGNKLTF	TRAV12D-2	TRAJ17	m12	1
CASSQERGRYEQYF	TRBV5	TRBJ2-7	TRBD1	CAVRVRDYGSSGNKLIF	TRAV1	TRAJ32	m12	1
CASGPATNSDYTF	TRBV12-2	TRBJ1-2		CAAYNYAQGLTF	TRAV4D-4	TRAJ26	m12	1
CASGEAQTNTEVFF	TRBV12-2	TRBJ1-1		CAASATNTGKLTF	TRAV14-1	TRAJ27	m12	5
CASSPGRRNTGQLYF	TRBV29	TRBJ2-2		CAVGSNMGYKLTF	TRAV9-1	TRAJ9	m12	1
CASRHRGNQDTQYF	TRBV13-1	TRBJ2-5	TRBD1	CISMATGGNNKLTF	TRAV21-DV12	TRAJ56	m12	1
CASGDEQAFYAEQFF	TRBV13-2	TRBJ2-1		CAVSAGGGYKVVF	TRAV3D-3	TRAJ12	m12	5
CTCSAGLSNERLFF	TRBV1	TRBJ1-4		CAASRGSAGNKLTF	TRAV7D-2	TRAJ17	m12	2
CASSRGANTEVFF	TRBV12-2	TRBJ1-1		CALGGSNTNKVVF	TRAV6D-6	TRAJ34	m12	1
CAWSPGTNSGNTLYF	TRBV31	TRBJ1-3		CAVRNYNVLYF	TRAV7N-6	TRAJ21	m12	1
CASSLNWGGGTLYF	TRBV3	TRBJ2-3	TRBD2	CALVASGGSNYKLTF	TRAV6-4	TRAJ53	m12	2
CASSRLGGLAETLYF	TRBV19	TRBJ2-3	TRBD2	CALGDLGNAGAKLTF	TRAV6D-6	TRAJ39	m12	1
CASSQLGVQDTQYF	TRBV2	TRBJ2-5		CAAGGGTGSKLSF	TRAV19	TRAJ58	m12	1
CASSSGLGGVEQYF	TRBV3	TRBJ2-7	TRBD2	CAMREGRGYANKMIF	TRAV16	TRAJ47	m12	1
CASSLMTGLANTEVFF	TRBV3	TRBJ1-1		CAAGSNYQLIW	TRAV5D-4	TRAJ33	m12	1
CASSPDKPYEQYF	TRBV13-3	TRBJ2-7		CAVSAASGSWQLIF	TRAV7N-4	TRAJ22	m12	1
CASSPYWGFSAETLYF	TRBV12-1	TRBJ2-3		CALSVITGNTGKLIF	TRAV6-7-DV9	TRAJ37	m12	1
CASSQDRNTGQLYF	TRBV5	TRBJ2-2		CAVSTQGTGSKLSF	TRAV9-4	TRAJ58	m12	1
CASGLGQISNERLFF	TRBV13-2	TRBJ1-4		CAVLGSNYKLTF	TRAV7D-3	TRAJ53	m12	1
CASSLLQGANYAEQFF	TRBV5	TRBJ2-1	TRBD1	CALGSLYGSSGNKLIF	TRAV6N-7	TRAJ32	m12	1
CASSRGYNYAEQFF	TRBV12-1	TRBJ2-1		CAMERNMGYKLTF	TRAV13D-4	TRAJ9	m12	1
CASRDWGNTGQLYF	TRBV13-3	TRBJ2-2		CAIGQGGRALIF	TRAV13N-1	TRAJ15	m12	1
CASSRQGARDTQYF	TRBV12-1	TRBJ2-5	TRBD1	CALSPNTGNYKYVF	TRAV6-5	TRAJ40	m12	1
CASSLQGSNERLFF	TRBV16	TRBJ1-4		CALSEGGGRALIF	TRAV12-2	TRAJ15	m12	2
CASSPRWGSAETLYF	TRBV12-1	TRBJ2-3		CALCSGGSNYKLTF	TRAV12-2	TRAJ53	m12	1
CASGGGTGGRAETLYF	TRBV12-2	TRBJ2-3	TRBD1	CAARTGGNNKLTF	TRAV4-4-DV10	TRAJ56	m12	1
CASSIHFSYNSPLYF	TRBV19	TRBJ1-6		CAANTNKVVF	TRAV14-1	TRAJ34	m12	1
CAWSPWGKDTLYF	TRBV31	TRBJ2-4		CAASIVKGGRALIF	TRAV7D-2	TRAJ15	m12	1
CASSFRTNSGNTLYF	TRBV3	TRBJ1-3		CALSRYYAQGLTF	TRAV12D-2	TRAJ26	m12	1
CASSREGFQNTLYF	TRBV12-1	TRBJ2-4		CAAYSGYNKLTF	TRAV7-4	TRAJ11	m12	1
CAWSLLGGFNQDTQYF	TRBV31	TRBJ2-5		CAASNYQLIW	TRAV5-4	TRAJ33	m12	2
CASSPGTGAETLYF	TRBV13-1	TRBJ2-3	TRBD1	CATVSGSWQLIF	TRAV8D-1	TRAJ22	m12	1
CASSLGGGNSDYTF	TRBV16	TRBJ1-2		CALSESNNRIFF	TRAV12-3	TRAJ31	m12	1
CASSPDRGHSDYTF	TRBV12-2	TRBJ1-2	TRBD1	CARRGSALGRLHF	TRAV9N-4	TRAJ18	m12	3
CASSPDRGHSDYTF	TRBV12-2	TRBJ1-2	TRBD1	CADNYAQGLTF	TRAV7D-2	TRAJ26	m12	4
CASSRQGNTEVFF	TRBV5	TRBJ1-1		CAAEPSSNTNKVVF	TRAV4D-4	TRAJ34	m12	1
CASSLETGGDTQYF	TRBV16	TRBJ2-5		CALSSGTGGYKVVF	TRAV6-5	TRAJ12	m12	2
CASSLETGGDTQYF	TRBV16	TRBJ2-5		CAASGDYGSSGNKLIF	TRAV14-1	TRAJ32	m12	3
CASGDEQAFYAEQFF	TRBV12-2	TRBJ2-1		CAVSAGGGYKVVF	TRAV3D-3	TRAJ12	m12	5
CASSLASANSDYTF	TRBV3	TRBJ1-2		CAVKSSGSWQLIF	TRAV7-3	TRAJ22	m12	1
CASSRTGTNTGQLYF	TRBV4	TRBJ2-2		CALSRGSNYQLIW	TRAV9N-4	TRAJ33	m12	1
CASSRTGTNTGQLYF	TRBV4	TRBJ2-2		CAASYAQGLTF	TRAV5-4	TRAJ26	m12	1
CASGAFDRTNSDYTF	TRBV13-2	TRBJ1-2		CALGYDTNAYKVIF	TRAV6N-7	TRAJ30	m12	10
CASGAFDRTNSDYTF	TRBV13-2	TRBJ1-2		CATAVF	TRAV8-1	TRAJ34	m12	9
CASSPGTFSNERLFF	TRBV13-3	TRBJ1-4		CAARSNYNVLYF	TRAV14N-3	TRAJ21	m12	1
CAWSIDRDTEVFF	TRBV31	TRBJ1-1		CAASEMGGSNAKLTF	TRAV7-4	TRAJ42	m12	1
CASSRQNSDYTF	TRBV13-1	TRBJ1-2		CAASIGTGGYKVVF	TRAV7D-2	TRAJ12	m12	1
CASSRQNSDYTF	TRBV13-1	TRBJ1-2		CALSDGSWQLIF	TRAV12D-2	TRAJ22	m12	1
CASSRDWGDDTQYF	TRBV14	TRBJ2-5		CALRRTNSAGNKLTF	TRAV12-2	TRAJ17	m12	1
CASSRDWGDDTQYF	TRBV14	TRBJ2-5		CAVRDRGSNNRIFF	TRAV1	TRAJ31	m12	1
CASSLEPGGSYEQYF	TRBV16	TRBJ2-7		CALIPYNQGKLIF	TRAV12D-3	TRAJ23	m12	1
CASSLEGGGNTLYF	TRBV3	TRBJ2-4		CALRGPSNTNKVVF	TRAV6-7-DV9	TRAJ34	m12	1
CASSQDRYSGNTLYF	TRBV5	TRBJ1-3		CAVRDTNAYKVIF	TRAV3-3	TRAJ30	m12	1
CAWNRGNTGQLYF	TRBV31	TRBJ2-2	TRBD1	CILRVIGNEKITF	TRAV21-DV12	TRAJ48	m12	1
CTCSGTGAQDTQYF	TRBV1	TRBJ2-5	TRBD1	CVLGAGGSNAKLTF	TRAV6-2	TRAJ42	m12	1
CASSLTGGDTQYF	TRBV15	TRBJ2-5		CAVNQGGSAKLIF	TRAV9-1	TRAJ57	m12	1
CSSRGLRGYAEQFF	TRBV30	TRBJ2-1		CAIDRNTNKVVF	TRAV13D-2	TRAJ34	m12	1
CASSKLGGNTLYF	TRBV19	TRBJ2-4		CALSDSNTGNYKYVF	TRAV6-7-DV9	TRAJ40	m12	1
CASSWDRGDTQYF	TRBV15	TRBJ2-5		CALSDSGGSNAKLTF	TRAV6-7-DV9	TRAJ42	m12	2
CASSWDRGDTQYF	TRBV15	TRBJ2-5		CALVFYGSSGNKLIF	TRAV6D-4	TRAJ32	m12	1
CASGAWGGNTGQLYF	TRBV12-2	TRBJ2-2	TRBD2	CAAFNNAGAKLTF	TRAV7D-4	TRAJ39	m12	1
CASGAWGGNTGQLYF	TRBV12-2	TRBJ2-2	TRBD2	CASGGSNAKLTF	TRAV13-1	TRAJ42	m12	1
CTCSALGYEQYF	TRBV1	TRBJ2-7		CAAEAGNYKYVF	TRAV4-4-DV10	TRAJ40	m12	1
CTCSALGYEQYF	TRBV1	TRBJ2-7		CAIDQNYGNEKITF	TRAV13D-2	TRAJ48	m12	1
CASRRQIYAEQFF	TRBV19	TRBJ2-1		CAIDQNYGNEKITF	TRAV13D-2	TRAJ48	m12	1
CTCSAGDNYAEQFF	TRBV1	TRBJ2-1		CAVGNNYAQGLTF	TRAV7-3	TRAJ26	m12	1
CASSLGQGNTEVFF	TRBV15	TRBJ1-1		CAMREGTGYQNFYF	TRAV16D-DV11	TRAJ49	m12	1
CASSLTEYQDTQYF	TRBV5	TRBJ2-5		CALRGSNAKLTF	TRAV17	TRAJ42	m12	1
CASSFTGGVSYEQYF	TRBV3	TRBJ2-7		CALRGSNAKLTF	TRAV17	TRAJ42	m12	1
CASSLRKNTLYF	TRBV12-1	TRBJ2-4		CALSDNTGYQNFYF	TRAV6-7-DV9	TRAJ49	m12	1
CASSLLGGSQNTLYF	TRBV19	TRBJ2-4		CAASAQNNAGAKLTF	TRAV14D-1	TRAJ39	m12	1
CASSFDRVPGQLYF	TRBV4	TRBJ2-2		CAVRTGNTGKLIF	TRAV3D-3	TRAJ37	m12	1
CAWTGGSYEQYF	TRBV31	TRBJ2-7		CAMETGGNNKLTF	TRAV13-4-DV7	TRAJ56	m12	1
CASSQDGGDRYEQYF	TRBV5	TRBJ2-7		CALGVPNQGGSAKLIF	TRAV6D-6	TRAJ57	m12	2
CASSLVGVQDTQYF	TRBV3	TRBJ2-5		CALGVPNQGGSAKLIF	TRAV6D-6	TRAJ57	m12	1
CASSPRDWGALNTGQLYF	TRBV5	TRBJ2-2	TRBD2	CAVSEGNSAGNKLTF	TRAV3D-3	TRAJ17	m12	1
CASSQERVNQDTQYF	TRBV5	TRBJ2-5		CALVRGSALGRLHF	TRAV6-4	TRAJ18	m12	1
CASSPGQYEQYF	TRBV15	TRBJ2-7		CAAEVGSNNRIFF	TRAV4D-4	TRAJ31	m12	1
CASSQESRGSYEQYF	TRBV5	TRBJ2-7		CALSPNTGYQNFYF	TRAV6-7-DV9	TRAJ49	m12	1
CASGDARGGSQNTLYF	TRBV12-2	TRBJ2-4		CAARGYNQGKLIF	TRAV7D-2	TRAJ23	m12	1
CAWSTRQRANSDYTF	TRBV31	TRBJ1-2		CALEQGGNYKYVF	TRAV13-1	TRAJ40	m12	1
CASSQGRVGEQYF	TRBV2	TRBJ2-7		CAASEGTSNYNVLYF	TRAV14-1	TRAJ21	m12	1
CASTGLGDYAEQFF	TRBV19	TRBJ2-1		CALSEGSGQKLVF	TRAV12D-2	TRAJ16	m12	1
CASSLSRVSNERLFF	TRBV29	TRBJ1-4		CVLGGMGYKLTF	TRAV6-1	TRAJ9	m12	1
CASSLLGGAETLYF	TRBV12-1	TRBJ2-3		CAASPNTNKVVF	TRAV14D-1	TRAJ34	m12	1
CASISWGEQYF	TRBV3	TRBJ2-7		CAASLYNAGAKLTF	TRAV10	TRAJ39	m12	2
CASSRLGGRQNTLYF	TRBV4	TRBJ2-4	TRBD2	CAASLYNAGAKLTF	TRAV10	TRAJ39	m12	2
CASSSGTGNSDYTF	TRBV15	TRBJ1-2	TRBD1	CVVGSSNTNKVVF	TRAV11	TRAJ34	m12	1
CASSSGTGNSDYTF	TRBV15	TRBJ1-2	TRBD1	CAARRSSGSWQLIF	TRAV14D-2	TRAJ22	m12	1
CASSQEGQANTGQLYF	TRBV5	TRBJ2-2		CAASAQVVGQLTF	TRAV14D-1	TRAJ5	m12	1
CASDWGRAETLYF	TRBV4	TRBJ2-3		CAVLTTASLGKLQF	TRAV7D-3	TRAJ24	m12	1
CASSVGYNSPLYF	TRBV13-1	TRBJ1-6		CAAANTNTGKLTF	TRAV14-1	TRAJ27	m12	1
CAWNAGSNERLFF	TRBV31	TRBJ1-4		CAAEPGNNKLTF	TRAV4D-3	TRAJ56	m12	1
CASRTGGGAEQFF	TRBV15	TRBJ2-1	TRBD2	CALGEPGGYKVVF	TRAV6N-7	TRAJ12	m12	1
CASGEPSQAPLF	TRBV13-2	TRBJ1-5		CAVSHTGGLSGKLTF	TRAV7-5	TRAJ2	m12	1
CASSRDRLGGQDTQYF	TRBV17	TRBJ2-5	TRBD2	CAAERQGGSAKLIF	TRAV4-4-DV10	TRAJ57	m12	1
CASGDARNSYNSPLYF	TRBV13-2	TRBJ1-6		CAMSSTGGNNKLTF	TRAV16	TRAJ56	m12	1
CASSDRGKGAETLYF	TRBV13-1	TRBJ2-3		CAASDTNAYKVIF	TRAV7D-2	TRAJ30	m12	1
CASSPRLGGGSSYEQYF	TRBV5	TRBJ2-7	TRBD2	CAATSGGSNYKLTF	TRAV7-4	TRAJ53	m12	1
CASSPDRGRNSPLYF	TRBV19	TRBJ1-6	TRBD1	CALSDSYSNNRLTL	TRAV6N-6	TRAJ7	m12	1
CASPTGGGNTGQLYF	TRBV12-2	TRBJ2-2	TRBD2	CAVSTLTASLGKLQF	TRAV3D-3	TRAJ24	m12	1
CASPTGGGNTGQLYF	TRBV12-2	TRBJ2-2	TRBD2	CALVRVEGADRLTF	TRAV6D-4	TRAJ45	m12	1
CASSPQGARAEQFF	TRBV15	TRBJ2-1		CAASNQGGRALIF	TRAV7D-2	TRAJ15	m12	1
CASSQNTEVFF	TRBV12-1	TRBJ1-1		CALRGNYQLIW	TRAV12-2	TRAJ33	m12	1
CASSQDGDWGGQNTLYF	TRBV5	TRBJ2-4	TRBD2	CALGIASSSFSKLVF	TRAV6D-6	TRAJ50	m12	1
CASSQNWGGGEQYF	TRBV2	TRBJ2-7	TRBD2	CAVHTGANTGKLTF	TRAV7-6	TRAJ52	m12	1
CASSLSGQLNERLFF	TRBV29	TRBJ1-4		CALSPNSGGSNAKLTF	TRAV6-7-DV9	TRAJ42	m12	1
CASSLQGYEQYF	TRBV19	TRBJ2-7		CALRGYNQGKLIF	TRAV12-3	TRAJ23	m12	4
CASSLWYQDTQYF	TRBV14	TRBJ2-5		CAASFLSGSFNKLTF	TRAV7-4	TRAJ4	m12	1
CASSLWYQDTQYF	TRBV14	TRBJ2-5		CAIGRNYGSSGNKLIF	TRAV13D-2	TRAJ32	m12	1
CAWSLLGGFNQDTQYF	TRBV31	TRBJ2-5		CAVSIHTGYQNFYF	TRAV7-5	TRAJ49	m12	1
CASSPHWGGAETLYF	TRBV15	TRBJ2-3		CAASNYQLIW	TRAV5-4	TRAJ33	m12	1
CASGGQGSNERLFF	TRBV13-2	TRBJ1-4	TRBD1	CAASATNTGKLTF	TRAV14-1	TRAJ27	m12	1
CTCSGRGANTEVFF	TRBV1	TRBJ1-1		CALGTQVVGQLTF	TRAV12D-1	TRAJ5	m12	1
CASSDSLGGVQNTLYF	TRBV13-3	TRBJ2-4		CAAANTGANTGKLTF	TRAV19	TRAJ52	m12	1
CASSSQGRVTEVFF	TRBV3	TRBJ1-1		CALGDPSSNNRIFF	TRAV6D-6	TRAJ31	m12	1
CASSSQGRVTEVFF	TRBV3	TRBJ1-1		CALGNSNNRIFF	TRAV6-4	TRAJ31	m12	1
CARWEDAEQFF	TRBV29	TRBJ2-1		CALGIASSSFSKLVF	TRAV6D-6	TRAJ50	m12	1
CASSPTGGETGQLYF	TRBV2	TRBJ2-2	TRBD2	CALRGGNSAGNKLTF	TRAV12-2	TRAJ17	m12	1
CASSFGTGGVAEQFF	TRBV3	TRBJ2-1	TRBD2	CAAGGSNNRIFF	TRAV4D-4	TRAJ31	m12	1
CASSFGTGGVAEQFF	TRBV3	TRBJ2-1	TRBD2	CALSVDTNAYKVIF	TRAV12-1	TRAJ30	m12	1
CASSDELGGRRQDTQYF	TRBV13-1	TRBJ2-5	TRBD2	CAHSAYKVIF	TRAV12-3	TRAJ30	m12	1
CASGRPGHYTEVFF	TRBV13-2	TRBJ1-1		CAASGGGSNYKLTF	TRAV14-2	TRAJ53	m12	1
CASGRPGHYTEVFF	TRBV13-2	TRBJ1-1		CALSASMSNYNVLYF	TRAV6N-6	TRAJ21	m12	1
CASGRTGGAEEQYF	TRBV12-2	TRBJ2-7	TRBD2	CALSGPQNQGGSAKLIF	TRAV6-7-DV9	TRAJ57	m12	3
CASSRTGGAQNTLYF	TRBV2	TRBJ2-4	TRBD2	CVLRNSNNRIFF	TRAV9-2	TRAJ31	m12	1
CASSWNERLFF	TRBV16	TRBJ1-4		CAAEARGGSNAKLTF	TRAV4-4-DV10	TRAJ42	m12	1
CASSLQGQAPLF	TRBV12-1	TRBJ1-5	TRBD1	CALRAANTGNYKYVF	TRAV6-7-DV9	TRAJ40	m12	1
CASSQEVKKDTQYF	TRBV2	TRBJ2-5		CAVRFNYQLIW	TRAV7-3	TRAJ33	m12	1
CASRTGGRTLYF	TRBV13-3	TRBJ2-3	TRBD1	CAMREGGNNNAPRF	TRAV16D-DV11	TRAJ43	m12	1
CASRTGGRTLYF	TRBV13-3	TRBJ2-3	TRBD1	CAASAGNYGNEKITF	TRAV14-2	TRAJ48	m12	1
CAWSPSGTGFSNERLFF	TRBV31	TRBJ1-4	TRBD1	CAVSMGGSALGRLHF	TRAV7D-5	TRAJ18	m12	1
CASGDEQYEQYF	TRBV12-2	TRBJ2-7		CAARYMGYKLTF	TRAV14D-3-DV8	TRAJ9	m12	1
CASSRQGGYNSPLYF	TRBV12-2	TRBJ1-6		CALSGGTQVVGQLTF	TRAV6N-6	TRAJ5	m12	1
CASSRQGGYNSPLYF	TRBV12-2	TRBJ1-6		CALGGSSGSWQLIF	TRAV6N-7	TRAJ22	m12	1
CASSLIRPNTEVFF	TRBV26	TRBJ1-1		CALTGQGGRALIF	TRAV12D-3	TRAJ15	m12	1
CASSLIRPNTEVFF	TRBV26	TRBJ1-1		CAVSGPSSGQKLVF	TRAV3D-3	TRAJ16	m12	1
CGASSQNYEQYF	TRBV20	TRBJ2-7		CALSPANSGTYQRF	TRAV9N-4	TRAJ13	m12	1
CASSIWDNSYEQYF	TRBV19	TRBJ2-7		CAVSRGSALGRLHF	TRAV7N-6	TRAJ18	m12	2
CASSRLGGAETLYF	TRBV12-2	TRBJ2-3		CAASTGNYKYVF	TRAV14D-3-DV8	TRAJ40	m12	6
CASSIGDRGYEQYF	TRBV19	TRBJ2-7	TRBD1	CAAEANTNTGKLTF	TRAV4D-3	TRAJ27	m12	1
CASSQGGGRVQNTLYF	TRBV2	TRBJ2-4		CAVPMNYNQGKLIF	TRAV3D-3	TRAJ23	m12	1
CASSQGGGRVQNTLYF	TRBV2	TRBJ2-4		CATARGSALGRLHF	TRAV8D-2	TRAJ18	m12	1
CGARTGGVYEQYF	TRBV20	TRBJ2-7	TRBD2	CAVSRNSNNRIFF	TRAV7-3	TRAJ31	m12	1
CASSQDHGPYEQYF	TRBV2	TRBJ2-7		CAARMDSNYQLIW	TRAV14D-2	TRAJ33	m12	1
CASSQDHGPYEQYF	TRBV2	TRBJ2-7		CAVRASSSFSKLVF	TRAV9D-1	TRAJ50	m12	1
CASSWDRGDTQYF	TRBV15	TRBJ2-5		CALSDLGGSNAKLTF	TRAV6-7-DV9	TRAJ42	m12	1
CASSFRDWGGYEQYF	TRBV4	TRBJ2-7	TRBD2	CALSDPSNMGYKLTF	TRAV12D-3	TRAJ9	m12	1
CASSLDRNQDTQYF	TRBV4	TRBJ2-5		CAATGYQNFYF	TRAV4-4-DV10	TRAJ49	m12	1
CASGAPGANSDYTF	TRBV13-2	TRBJ1-2		CAARGYNQGKLIF	TRAV14-2	TRAJ23	m12	1
CASGAPGANSDYTF	TRBV13-2	TRBJ1-2		CAVNSNYQLIW	TRAV7-5	TRAJ33	m12	1
CASSLERTQFF	TRBV12-2	TRBJ2-1		CATDDYGNEKITF	TRAV8N-2	TRAJ48	m12	1
CASSLALGNTGQLYF	TRBV3	TRBJ2-2		CAMREGVNNRIFF	TRAV16N	TRAJ31	m12	1
CSSPSGTGNSDYTF	TRBV30	TRBJ1-2	TRBD1	CAASAHNNAGAKLTF	TRAV14-2	TRAJ39	m12	1
CASGLRDRGNTLYF	TRBV13-2	TRBJ2-4	TRBD1	CAVSNSNYQLIW	TRAV7-3	TRAJ33	m12	2
CAWSIDRDTEVFF	TRBV31	TRBJ1-1		CAASETGGSNAKLTF	TRAV7-4	TRAJ42	m12	1
CASSPGYEQYF	TRBV3	TRBJ2-7		CAVSMYPGTGSNRLTF	TRAV7-5	TRAJ28	m12	1
CASSLGQNYAEQFF	TRBV3	TRBJ2-1		CAMRETGNTGKLIF	TRAV16	TRAJ37	m12	1
CASGEGLYEQYF	TRBV12-2	TRBJ2-7		CAVDAGNTGKLIF	TRAV4-2	TRAJ37	m12	1
CASSRQANTGQLYF	TRBV13-1	TRBJ2-2		CAVSMSNTGKLTF	TRAV7-5	TRAJ27	m12	2
CGASTGGYAEQFF	TRBV20	TRBJ2-1	TRBD1	CAATRTGNTGKLIF	TRAV7-4	TRAJ37	m12	1
CASSLLQGLSNERLFF	TRBV3	TRBJ1-4		CAAVQQGTGSKLSF	TRAV10N	TRAJ58	m12	1
CASSSNTGQLYF	TRBV16	TRBJ2-2		CAASEGTGNTGKLIF	TRAV14-1	TRAJ37	m12	2
CATPPSKTLYF	TRBV26	TRBJ1-3		CALSVIASSSFSKLVF	TRAV12-1	TRAJ50	m12	1
CASSLDWGIEQYF	TRBV16	TRBJ2-7		CALSVIASSSFSKLVF	TRAV12-1	TRAJ50	m12	1
CASSPTASQNTLYF	TRBV4	TRBJ2-4		CAADTNAYKVIF	TRAV7N-6	TRAJ30	m12	1
CASGERLGGRRDAEQFF	TRBV13-2	TRBJ2-1	TRBD2	CAVSGTGGYKVVF	TRAV9D-3	TRAJ12	m12	1
CASSLRGGNTLYF	TRBV12-1	TRBJ1-3		CALTSNTGYQNFYF	TRAV6N-6	TRAJ49	m12	1
CASSLGGGVSAETLYF	TRBV15	TRBJ2-3		CAAEPMGYKLTF	TRAV4D-4	TRAJ9	m12	1
CASSLPGNERLFF	TRBV26	TRBJ1-4		CAARDTNAYKVIF	TRAV7D-2	TRAJ30	m12	1
CASSQEGGFYAEQFF	TRBV5	TRBJ2-1		CATETGNTGKLIF	TRAV8-1	TRAJ37	m12	1
CASGDGLGGLAEQFF	TRBV12-2	TRBJ2-1	TRBD2	CAGHNVGDNSKLIW	TRAV13D-2	TRAJ38	m12	5
CTCSGDVGTEVFF	TRBV1	TRBJ1-1		CALSDPPGYQNFYF	TRAV12-3	TRAJ49	m12	1
CASSQEGRTGDERLFF	TRBV5	TRBJ1-4	TRBD1	CALGRSNTNKVVF	TRAV6D-6	TRAJ34	m12	1
CASSLWGTSAETLYF	TRBV15	TRBJ2-3		CALSDLYNQGKLIF	TRAV6-5	TRAJ23	m12	1
CASSLRVSNERLFF	TRBV12-1	TRBJ1-4		CAVRSNYNVLYF	TRAV7-6	TRAJ21	m12	1
CASSQTGTNQDTQYF	TRBV2	TRBJ2-5		CAMMDSNYQLIW	TRAV14D-3-DV8	TRAJ33	m12	1
CASSQTGTNQDTQYF	TRBV2	TRBJ2-5		CAASLDSNYQLIW	TRAV5-4	TRAJ33	m12	1
CASSWGHQDTQYF	TRBV3	TRBJ2-5		CALERGSNNRIFF	TRAV13-1	TRAJ31	m12	1
CASSSGTSNTEVFF	TRBV3	TRBJ1-1		CAASDTNAYKVIF	TRAV7N-6	TRAJ30	m12	1
CASSHQGGTEQFF	TRBV2	TRBJ2-1		CALGETVYSNNRLTL	TRAV6D-6	TRAJ7	m12	1
CASSTGSYEQYF	TRBV4	TRBJ2-7		CAASRAGNTGKLIF	TRAV7D-2	TRAJ37	m12	1
CAWSLTGVSYNSPLYF	TRBV31	TRBJ1-6		CASNNNAGAKLTF	TRAV13-1	TRAJ39	m12	1
CASSYSSAETLYF	TRBV4	TRBJ2-3		CAASAGATGGNNKLTF	TRAV5-4	TRAJ56	m12	1
CTCSTGVSNERLFF	TRBV1	TRBJ1-4		CAVSGNNYAQGLTF	TRAV9-4	TRAJ26	m12	1
CASGDRLGGTSAETLYF	TRBV13-2	TRBJ2-3	TRBD2	CALLDTGANTGKLTF	TRAV6D-6	TRAJ52	m12	1
CASSPGAWNSPLYF	TRBV29	TRBJ1-6		CAPSGGSNAKLTF	TRAV13-1	TRAJ42	m12	1
CASSRTGGARAEQFF	TRBV14	TRBJ2-1	TRBD2	CAVSYMSNYNVLYF	TRAV9-4	TRAJ21	m12	1
CASRRGGADTQYF	TRBV16	TRBJ2-5		CAASLLSGSFNKLTF	TRAV10N	TRAJ4	m12	1
CASSIALGVSYEQYF	TRBV19	TRBJ2-7		CAMREGDSNNRIFF	TRAV16N	TRAJ31	m12	1
CASRTLGVNQDTQYF	TRBV26	TRBJ2-5		CALSDYSNNRLTL	TRAV6N-6	TRAJ7	m12	1
CASSLEGRERGTLYF	TRBV3	TRBJ2-4		CVLRDNVGDNSKLIW	TRAV9-2	TRAJ38	m12	1
CASTRDRETLYF	TRBV13-1	TRBJ2-3	TRBD1	CSASKNTNTGKLTF	TRAV5-1	TRAJ27	m12	1
CAWSLLGGGHEQYF	TRBV31	TRBJ2-7		CAAVMATGGNNKLTF	TRAV19	TRAJ56	m12	2
CASSDGGPYNSPLYF	TRBV13-1	TRBJ1-6		CAALNNYAQGLTF	TRAV4-4-DV10	TRAJ26	m12	1
CASSEWGAGDTQYF	TRBV13-3	TRBJ2-5		CAVIINSAGNKLTF	TRAV7N-6	TRAJ17	m12	1
CASGRWGGQNTLYF	TRBV13-2	TRBJ2-4		CALSVATSGSWQLIF	TRAV12D-3	TRAJ22	m12	1
CASGDEQAFYAEQFF	TRBV13-2	TRBJ2-1		CAARPKGAGNKLTF	TRAV14D-2	TRAJ17	m12	1
CASSRLGEYAEQFF	TRBV15	TRBJ2-1		CAVSAGGGYKVVF	TRAV3D-3	TRAJ12	m12	1
CASRGTYYAEQFF	TRBV13-1	TRBJ2-1		CAASERQGGSAKLIF	TRAV5-4	TRAJ57	m12	1
CASRGTYYAEQFF	TRBV13-1	TRBJ2-1		CALREMQQGTGSKLSF	TRAV6N-6	TRAJ58	m12	1
CAWSLGGWENTLYF	TRBV31	TRBJ2-4		CAASEPSNTNKVVF	TRAV7-4	TRAJ34	m12	1
CASSSGLGYEQYF	TRBV12-1	TRBJ2-7		CAASMNYGSSGNKLIF	TRAV7D-2	TRAJ32	m12	1
CASSRPGTGGTYEQYF	TRBV2	TRBJ2-7	TRBD1	CALGSLGTQVVGQLTF	TRAV6N-5	TRAJ5	m12	1
CTFGLGGDEQYF	TRBV1	TRBJ2-7	TRBD2	CATSYGNEKITF	TRAV8D-1	TRAJ48	m12	1
CASGDAGSSAETLYF	TRBV12-2	TRBJ2-3		CAAVTGSGGKLTL	TRAV4D-4	TRAJ44	m12	1
CASSSTETLYF	TRBV19	TRBJ2-3		CALSGTGGYKVVF	TRAV6-5	TRAJ12	m12	1
CASSPQGYAEQFF	TRBV13-3	TRBJ2-1		CARPSTGNYKYVF	TRAV6D-6	TRAJ40	m12	1
CASSARQIYAEQFF	TRBV13-1	TRBJ2-1		CAVSMGSGSFNKLTF	TRAV7D-3	TRAJ4	m12	1
CASSDARPNTEVFF	TRBV13-1	TRBJ1-1		CALVDRGAGNKLTF	TRAV6-4	TRAJ17	m12	1
CASGGDSSIVPQYF	TRBV12-2	TRBJ2-5		CALSDRGNNYAQGLTF	TRAV6N-6	TRAJ26	m12	1
CTCSAEGAATGQLYF	TRBV1	TRBJ2-2	TRBD1	CILRGQGTGSKLSF	TRAV21-DV12	TRAJ58	m12	1
CASSLHNQDTQYF	TRBV15	TRBJ2-5		CAASTITGNTGKLIF	TRAV5-4	TRAJ37	m12	2
CASSLDGFSGNTLYF	TRBV16	TRBJ1-3		CALVDYSNNRLTL	TRAV6-4	TRAJ7	m12	1
CASSTPANTGQLYF	TRBV13-1	TRBJ2-2		CAAEADYNQGKLIF	TRAV4D-3	TRAJ23	m12	1
CASSQDSGGDTEVFF	TRBV5	TRBJ1-1	TRBD1	CALSEYNVLYF	TRAV6-5	TRAJ21	m12	1
CASSQQKNTLYF	TRBV4	TRBJ2-4		CAASAGNKLTF	TRAV7-3	TRAJ17	m12	1
CASGEAQTNTEVFF	TRBV12-2	TRBJ1-1		CALVDRGTSSSFSKLVF	TRAV6-4	TRAJ50	m12	1
CASSLGGINTGQLYF	TRBV3	TRBJ2-2		CAPASSGSWQLIF	TRAV7-3	TRAJ22	m12	1
CASSFTGDTLYF	TRBV16	TRBJ2-4		CVLSASNNRIFF	TRAV9-2	TRAJ31	m12	1
CASSDAPGGADTQYF	TRBV13-1	TRBJ2-5	TRBD2	CAVSNPRTNTNKVVF	TRAV7D-5	TRAJ34	m12	1
CASSQEPGGEQYF	TRBV5	TRBJ2-7		CAMRDNTGGLSGKLTF	TRAV6-3	TRAJ2	m12	1
CASSPGTGGAETLYF	TRBV16	TRBJ2-3		CAASTGNTGKLIF	TRAV4-3	TRAJ37	m12	2
CASSPTGVEQFF	TRBV15	TRBJ2-1		CAASNMGYKLTF	TRAV7D-2	TRAJ9	m12	1
CASSLRDWGKGEQYF	TRBV13-3	TRBJ2-7		CALRGAGNTGKLIF	TRAV12-2	TRAJ37	m12	1
CASGSGTGGSDYTF	TRBV13-2	TRBJ1-2	TRBD1	CAASLNTGYQNFYF	TRAV7D-4	TRAJ49	m12	3
CASGDGLGGLAEQFF	TRBV12-2	TRBJ2-1	TRBD2	CALAFNSGGSNAKLTF	TRAV6N-5	TRAJ42	m12	5
CASSLRGNTGQLYF	TRBV12-1	TRBJ2-2		CAFDNYAQGLTF	TRAV12D-2	TRAJ26	m12	1
CASSMRAEQFF	TRBV19	TRBJ2-1		CAVSSSGGNYKPTF	TRAV9-1	TRAJ6	m12	1
CASSLRTGGQNTLYF	TRBV26	TRBJ2-4	TRBD1	CALGERGSALGRLHF	TRAV6N-7	TRAJ18	m12	1
CASSPRLGGYAEQFF	TRBV4	TRBJ2-1		CVVGATSGGNYKPTF	TRAV11	TRAJ6	m12	1
CASSPRLGGYAEQFF	TRBV4	TRBJ2-1		CVPSGGNYKPTF	TRAV13D-2	TRAJ6	m12	1
CASSQTGVGQDTQYF	TRBV2	TRBJ2-5		CILRVLGGSAKLIF	TRAV21-DV12	TRAJ57	m12	2
CASSLRDTGRTQYF	TRBV12-1	TRBJ2-5	TRBD1	CAASRANTNKVVF	TRAV7D-2	TRAJ34	m12	1
CASGEAENSYNSPLYF	TRBV13-2	TRBJ1-6		CAAKGNNRIFF	TRAV14-1	TRAJ31	m12	5
CASSQAGGQDTQYF	TRBV5	TRBJ2-5		CAAEKTTASLGKLQF	TRAV4D-4	TRAJ24	m12	1
CGARDSSNERLFF	TRBV20	TRBJ1-4		CAASLGSGGNYKPTF	TRAV10D	TRAJ6	m12	1
CAWSPDWGTQNTLYF	TRBV31	TRBJ2-4		CAVRFTGSGGKLTL	TRAV9-4	TRAJ44	m12	1
CASSLRTNNERLFF	TRBV12-1	TRBJ1-4		CAASNQGGRALIF	TRAV7D-2	TRAJ15	m12	1
CASSLRDRAYNSPLYF	TRBV15	TRBJ1-6	TRBD1	CAGVTGSGGKLTL	TRAV7-6	TRAJ44	m12	1
CASSLRDRAYNSPLYF	TRBV15	TRBJ1-6	TRBD1	CALSDRKTGFASALTF	TRAV12-1	TRAJ35	m12	1
CASSFDRGTSGNTLYF	TRBV3	TRBJ1-3	TRBD1	CALEPQGGSAKLIF	TRAV13-1	TRAJ57	m12	1
CASSQGRDRGSGNTLYF	TRBV2	TRBJ1-3	TRBD1	CAVSTGNTGKLIF	TRAV7-5	TRAJ37	m12	1
CASSPPGHSNERLFF	TRBV2	TRBJ1-4		CALDNNNAGAKLTF	TRAV6D-6	TRAJ39	m12	1
CASSPPGHSNERLFF	TRBV2	TRBJ1-4		CALGGGGNYKYVF	TRAV6D-6	TRAJ40	m12	1
CASSSGRGLGNTLYF	TRBV12-1	TRBJ1-3	TRBD1	CALRRNSNNRIFF	TRAV6-7-DV9	TRAJ31	m12	1
CASSIQGDSYEQYF	TRBV19	TRBJ2-7		CALEHPNYNVLYF	TRAV13-1	TRAJ21	m12	1
CASSIQGDSYEQYF	TRBV19	TRBJ2-7		CAASSNMGYKLTF	TRAV4D-4	TRAJ9	m12	1
CASGGGNQDTQYF	TRBV13-2	TRBJ2-5		CAASTITGNTGKLIF	TRAV5-4	TRAJ37	m12	3
CASSLGGRGTEVFF	TRBV16	TRBJ1-1		CALEGNGNEKITF	TRAV17	TRAJ48	m12	2
CASSLGGRGTEVFF	TRBV16	TRBJ1-1		CAPPATNAYKVIF	TRAV12-3	TRAJ30	m12	1
CASSLGYEQYF	TRBV13-1	TRBJ2-7		CALEGNGNEKITF	TRAV17	TRAJ48	m12	1
CASSLGYEQYF	TRBV13-1	TRBJ2-7		CAPPATNAYKVIF	TRAV12-3	TRAJ30	m12	1
CASRGTGNTEVFF	TRBV19	TRBJ1-1	TRBD1	CALGPNTNTGKLTF	TRAV6D-6	TRAJ27	m12	1
CASSDISNSDYTF	TRBV13-3	TRBJ1-2		CALETNTGKLTF	TRAV13-1	TRAJ27	m12	1
CASSHRGGTGQLYF	TRBV12-1	TRBJ2-2		CAVKAQQGTGSKLSF	TRAV7N-4	TRAJ58	m12	1
CASTLTGQGAERLFF	TRBV3	TRBJ1-4	TRBD1	CAAYGANKMIF	TRAV5-4	TRAJ47	m12	1
CTCSAGTGGVTQYF	TRBV1	TRBJ2-5	TRBD2	CAIEGSNYNVLYF	TRAV13D-2	TRAJ21	m12	1
CTCRTGGEDSDYTF	TRBV1	TRBJ1-2	TRBD1	CAMREYQGGRALIF	TRAV16D-DV11	TRAJ15	m12	1
CASSGDSYNNQAPLF	TRBV12-2	TRBJ1-5		CAAGGGYKVVF	TRAV14D-3-DV8	TRAJ12	m12	1
CASSFSQNTLYF	TRBV3	TRBJ2-4		CALRDNNNNAPRF	TRAV12-2	TRAJ43	m12	1
CASSPPAGVNQDTQYF	TRBV12-1	TRBJ2-5		CAASWGNNRIFF	TRAV14D-3-DV8	TRAJ31	m12	1
CASRPGQGANSPLYF	TRBV2	TRBJ1-6	TRBD1	CAMREGWNSAGNKLTF	TRAV16D-DV11	TRAJ17	m12	1
CASSVSQSNSDYTF	TRBV13-1	TRBJ1-2		CAAISSGSWQLIF	TRAV14D-1	TRAJ22	m12	1
CASTRDWGVAEQFF	TRBV19	TRBJ2-1		CALSAQGTGSKLSF	TRAV6-5	TRAJ58	m12	1
CASSYWGVNTLYF	TRBV4	TRBJ2-4	TRBD2	CALAQGGSAKLIF	TRAV13-1	TRAJ57	m12	1
CGKAGGAETLYF	TRBV26	TRBJ2-3		CALSESGSGGKLTL	TRAV6-7-DV9	TRAJ44	m12	2
CASGGGTASYNSPLYF	TRBV12-2	TRBJ1-6		CALSESGSGGKLTL	TRAV6-7-DV9	TRAJ44	m12	2
CASSLGTVSQNTLYF	TRBV16	TRBJ2-4		CAMREGTQVVGQLTF	TRAV16N	TRAJ5	m12	1
CASSQGLLSAETLYF	TRBV5	TRBJ2-3		CAASGRGSALGRLHF	TRAV14D-1	TRAJ18	m12	1
CASSPDWGATGQLYF	TRBV26	TRBJ2-2	TRBD2	CALGDRGTGGYKVVF	TRAV6D-6	TRAJ12	m12	1
CASSMSQKEQYF	TRBV19	TRBJ2-7		CAVSARNNNAPRF	TRAV9-1	TRAJ43	m12	1
CTCSAPTGSNERLFF	TRBV1	TRBJ1-4		CALGASNTNKVVF	TRAV17	TRAJ34	m12	2
CASGALWGGGSQNTLYF	TRBV13-2	TRBJ2-4		CAVRASGSWQLIF	TRAV3D-3	TRAJ22	m12	1
CASGALWGGGSQNTLYF	TRBV13-2	TRBJ2-4		CAAEPNRIFF	TRAV4-3	TRAJ31	m12	1
CASSQAGRDNQAPLF	TRBV2	TRBJ1-5		CAAEARGNMGYKLTF	TRAV4-4-DV10	TRAJ9	m12	1
CASSLGGGNTGQLYF	TRBV16	TRBJ2-2		CAAEKNYNQGKLIF	TRAV4-3	TRAJ23	m12	1
CASTQYSGNTLYF	TRBV14	TRBJ1-3		CAASEGLSGSFNKLTF	TRAV5D-4	TRAJ4	m12	1
CASSLEGAYAEQFF	TRBV3	TRBJ2-1		CAMERSSSFSKLVF	TRAV13D-1	TRAJ50	m12	1
CASRDRGQEQYF	TRBV13-3	TRBJ2-7	TRBD1	CALSRGFASALTF	TRAV9D-4	TRAJ35	m12	1
CAWKEQYF	TRBV31	TRBJ2-7		CALGASNTNKVVF	TRAV17	TRAJ34	m12	1
CASSQGTGEQYF	TRBV5	TRBJ2-7		CALSDQGNSAGNKLTF	TRAV12D-3	TRAJ17	m12	1
CASNPGQGATGQLYF	TRBV29	TRBJ2-2	TRBD1	CAVSMTNYNVLYF	TRAV7D-3	TRAJ21	m12	1
CASFPGTGGYEQYF	TRBV12-1	TRBJ2-7		CALNYQGGRALIF	TRAV6-5	TRAJ15	m12	1
CASRLTGGGEQYF	TRBV2	TRBJ2-7	TRBD1	CALRQSGGSNYKLTF	TRAV12-1	TRAJ53	m12	1
CASSLTKQYF	TRBV12-1	TRBJ2-7		CAASDRGNYAQGLTF	TRAV7-4	TRAJ26	m12	1
CASGDWGNSDYTF	TRBV12-2	TRBJ1-2		CAAKAEGADRLTF	TRAV14-2	TRAJ45	m12	6
CASSPPGQGTLYF	TRBV12-1	TRBJ2-4	TRBD1	CAPYGSSGNKLIF	TRAV6N-7	TRAJ32	m12	1
CASSRTGENTLYF	TRBV12-2	TRBJ2-4		CAAPLNSNNRIFF	TRAV5D-4	TRAJ31	m12	1
CASSQGTASAETLYF	TRBV5	TRBJ2-3		CAAEAGNNYQLIW	TRAV4-4-DV10	TRAJ33	m12	1
CAWSLGFSNERLFF	TRBV31	TRBJ1-4		CALESNNRIFF	TRAV17	TRAJ31	m12	1
CAWSLGFSNERLFF	TRBV31	TRBJ1-4		CAAEAEQGGRALIF	TRAV4D-4	TRAJ15	m12	1
CASGEGQGYNNQAPLF	TRBV12-2	TRBJ1-5	TRBD1	CALSNRGSALGRLHF	TRAV9N-4	TRAJ18	m12	1
CASGENNSPLYF	TRBV13-2	TRBJ1-6		CALSRGSALGRLHF	TRAV9N-4	TRAJ18	m12	1
CAWSLGAWGGGGAETLYF	TRBV31	TRBJ2-3	TRBD2	CAASDGNTGKLIF	TRAV14-2	TRAJ37	m12	1
CASSAGTGGYEQYF	TRBV5	TRBJ2-7		CALSDKGGRALIF	TRAV6-5	TRAJ15	m12	1
CASSAGTGGYEQYF	TRBV5	TRBJ2-7		CAASLNTGYQNFYF	TRAV7D-4	TRAJ49	m12	1
CASSDPRIYAEQFF	TRBV13-1	TRBJ2-1		CALTPGGNNKLTF	TRAV6-7-DV9	TRAJ56	m12	1
CASSDAGYNSPLYF	TRBV13-3	TRBJ1-6		CAAEASNMGYKLTF	TRAV4D-4	TRAJ9	m12	1
CASGEAENSYNSPLYF	TRBV12-2	TRBJ1-6		CAAKGNNRIFF	TRAV14-1	TRAJ31	m12	5
CASSSLVAETLYF	TRBV15	TRBJ2-3		CALTSGGNYKPTF	TRAV12D-3	TRAJ6	m12	1
CASSRRAQDTQYF	TRBV12-1	TRBJ2-5		CALSYTGYQNFYF	TRAV6-7-DV9	TRAJ49	m12	1
CASRPGLGGFNQDTQYF	TRBV13-3	TRBJ2-5		CALSYTGYQNFYF	TRAV6-7-DV9	TRAJ49	m12	1
CASSERTGGALEQYF	TRBV13-1	TRBJ2-7	TRBD2	CALSDGYSNNRLTL	TRAV6N-6	TRAJ7	m12	1
CASSERTGGALEQYF	TRBV13-1	TRBJ2-7	TRBD2	CALGSSGSWQLIF	TRAV6N-5	TRAJ22	m12	1
CASSQGTEDTQYF	TRBV5	TRBJ2-5	TRBD1	CAASAPGSGGKLTL	TRAV5-4	TRAJ44	m12	1
CASSSPGGDTQYF	TRBV26	TRBJ2-5		CAMREGHPGYQNFYF	TRAV16	TRAJ49	m12	2
CASGLQPYSGNTLYF	TRBV12-2	TRBJ1-3		CARRGSALGRLHF	TRAV9N-4	TRAJ18	m12	1
CASSLALGTGGREQYF	TRBV16	TRBJ2-7		CAVSPNSNNRIFF	TRAV7-6	TRAJ31	m12	1
CAWGQDSGNTLYF	TRBV31	TRBJ1-3		CAASNTGANTGKLTF	TRAV10N	TRAJ52	m12	1
CAWGQDSGNTLYF	TRBV31	TRBJ1-3		CILRVERTGSGGKLTL	TRAV21-DV12	TRAJ44	m12	1
CAWSLGNSDYTF	TRBV31	TRBJ1-2		CAMRGYNAGAKLTF	TRAV16N	TRAJ39	m12	1
CTCSADSSGGYAEQFF	TRBV1	TRBJ2-1	TRBD1	CAATNTNTGKLTF	TRAV7-4	TRAJ27	m12	2
CASGATGGAETLYF	TRBV12-2	TRBJ2-3		CAVSPTGFASALTF	TRAV9-4	TRAJ35	m12	2
CASSLGTASQNTLYF	TRBV26	TRBJ2-4		CALSETGSFNKLTF	TRAV12-2	TRAJ4	m12	1
CASSDRDRGRPPLF	TRBV4	TRBJ1-5	TRBD1	CAVSDGNNNAPRF	TRAV3D-3	TRAJ43	m12	1
CASSQVGSSYEQYF	TRBV2	TRBJ2-7		CALSGPIASSSFSKLVF	TRAV6-7-DV9	TRAJ50	m12	1
CASGDRLGGGYNYAEQFF	TRBV13-2	TRBJ2-1	TRBD2	CARGGTNTGKLTF	TRAV8N-2	TRAJ27	m12	1
CASSQQGGEQYF	TRBV2	TRBJ2-7		CAASGQTGFASALTF	TRAV14-3	TRAJ35	m12	1
CASNPDRTSAETLYF	TRBV13-3	TRBJ2-3		CALRDYSNNRLTL	TRAV13-1	TRAJ7	m12	1
CASSEYFNQDTQYF	TRBV13-1	TRBJ2-5		CAVYSNNRIFF	TRAV7-6	TRAJ31	m12	1
CASSQVGSQNTLYF	TRBV5	TRBJ2-4		CALEGLDTNAYKVIF	TRAV17	TRAJ30	m12	1
CASSQVGSQNTLYF	TRBV5	TRBJ2-4		CALSVNSGGSNAKLTF	TRAV12-2	TRAJ42	m12	1
CSSSVGRYNYAEQFF	TRBV30	TRBJ2-1		CAVITGNTGKLIF	TRAV7-5	TRAJ37	m12	1
CASSLDTSQNTLYF	TRBV12-2	TRBJ2-4		CAMSLTGSGGKLTL	TRAV16	TRAJ44	m12	1
CASGVWGGVNTLYF	TRBV12-2	TRBJ2-4	TRBD2	CALTLNTNKVVF	TRAV12-1	TRAJ34	m12	1
CASFSRRDRGYEQYF	TRBV12-1	TRBJ2-7	TRBD1	CAVSRGGGYKVVF	TRAV7N-6	TRAJ12	m12	1
CASSLGGGERLFF	TRBV12-2	TRBJ1-4		CALSMTNYNQGKLIF	TRAV9N-4	TRAJ23	m12	1
CASSLGGGERLFF	TRBV12-2	TRBJ1-4		CAPMNYNQGKLIF	TRAV6-4	TRAJ23	m12	1
CASSQDRGQGVFF	TRBV2	TRBJ1-1	TRBD1	CAVSEPGNNRIFF	TRAV7N-4	TRAJ31	m12	1
CASGGGTASYNSPLYF	TRBV13-2	TRBJ1-6		CALSESGSGGKLTL	TRAV6-7-DV9	TRAJ44	m12	2
CASSQGLGPGQLYF	TRBV2	TRBJ2-2	TRBD1	CALSGVTGNTGKLIF	TRAV12-1	TRAJ37	m12	1
CASSPRDISYNSPLYF	TRBV12-2	TRBJ1-6		CAVRDVGDNSKLIW	TRAV9-1	TRAJ38	m12	1
CASSSDWGGYAEQFF	TRBV4	TRBJ2-1	TRBD2	CAVSRGTNTGKLTF	TRAV7-5	TRAJ27	m12	1
CASGDWGDEQYF	TRBV13-2	TRBJ2-7		CAVKSGSGGKLTL	TRAV7-6	TRAJ44	m12	1
CASSLGTGDTEVFF	TRBV15	TRBJ1-1	TRBD1	CALVTNAYKVIF	TRAV6-4	TRAJ30	m12	1
CAWSPPGGGTGQLYF	TRBV31	TRBJ2-2		CVLSSTGNYKYVF	TRAV9-2	TRAJ40	m12	1
CASGDAYSGNTLYF	TRBV12-2	TRBJ1-3		CALGDPNTNKVVF	TRAV6N-7	TRAJ34	m12	1
CASSWNERLFF	TRBV16	TRBJ1-4		CALTEGGNYKYVF	TRAV12-3	TRAJ40	m12	1
CAWSLGDSGNTLYF	TRBV31	TRBJ1-3		CAMREGRTGSGGKLTL	TRAV16	TRAJ44	m12	1
CASSPTGGVTLYF	TRBV12-1	TRBJ2-4		CALSGPNTGYQNFYF	TRAV12-2	TRAJ49	m12	1
CASTPGTGGYEQYF	TRBV19	TRBJ2-7	TRBD1	CALEFPNTGKLTF	TRAV13-1	TRAJ27	m12	1
CASTPGTGGYEQYF	TRBV19	TRBJ2-7	TRBD1	CALRSSGSWQLIF	TRAV12-2	TRAJ22	m12	1
CASSQGQGRTEVFF	TRBV5	TRBJ1-1		CAVWAGTGSNRLTF	TRAV7N-4	TRAJ28	m12	1
CASSQGQGRTEVFF	TRBV5	TRBJ1-1		CALGTGGYKVVF	TRAV9D-3	TRAJ12	m12	1
CASSDMGGRNSPLYF	TRBV13-3	TRBJ1-6		CALGLNVGDNSKLIW	TRAV6N-7	TRAJ38	m12	1
CASGWTGGGDTQYF	TRBV12-2	TRBJ2-5	TRBD2	CALEGVTGSGGKLTL	TRAV17	TRAJ44	m12	1
CTCSAPGGNTGQLYF	TRBV1	TRBJ2-2		CALSRVNTGNYKYVF	TRAV12D-3	TRAJ40	m12	1
CASSFRTGVNTLYF	TRBV3	TRBJ2-4	TRBD1	CILRVGSGADRLTF	TRAV21-DV12	TRAJ45	m12	1
CASSQVGTANTEVFF	TRBV2	TRBJ1-1		CALGRNSAGNKLTF	TRAV6N-7	TRAJ17	m12	1
CASSRPGTEQYF	TRBV19	TRBJ2-7		CAAIGSGSWQLIF	TRAV7-4	TRAJ22	m12	1
CASSRQGANTEVFF	TRBV26	TRBJ1-1	TRBD1	CAVRGSSGSWQLIF	TRAV9-1	TRAJ22	m12	1
CASSYDEQYF	TRBV4	TRBJ2-7		CAVSASGGNYKPTF	TRAV9D-1	TRAJ6	m12	1
CASGDARSGYEQYF	TRBV12-2	TRBJ2-7		CAALTPGNYKYVF	TRAV14D-3-DV8	TRAJ40	m12	1
CTCSAVVSYEQYF	TRBV1	TRBJ2-7		CILRDHNQGGSAKLIF	TRAV21-DV12	TRAJ57	m12	1
CASSRTGGAYQDTQYF	TRBV5	TRBJ2-5	TRBD2	CAMREGVAGSGGKLTL	TRAV16	TRAJ44	m12	1
CASSLDRAEQYF	TRBV26	TRBJ2-7		CAMREMSNYNVLYF	TRAV16N	TRAJ21	m12	1
CASSLDWGGIAETLYF	TRBV5	TRBJ2-3	TRBD2	CAASEGYAQGLTF	TRAV5-4	TRAJ26	m12	1
CASSFTGDTLYF	TRBV16	TRBJ2-4		CAVSAENYNQGKLIF	TRAV9-4	TRAJ23	m12	1
CASSDAEGGGAEQFF	TRBV13-3	TRBJ2-1		CAIPLSAGNKLTF	TRAV13D-2	TRAJ17	m12	1
CASSLGGSQDTQYF	TRBV15	TRBJ2-5		CAIPLSAGNKLTF	TRAV13D-2	TRAJ17	m12	1
CASRGHPETLYF	TRBV26	TRBJ2-3		CAAGGRGSALGRLHF	TRAV7D-2	TRAJ18	m12	1
CASSPGEYEQYF	TRBV19	TRBJ2-7		CALGDNTNTGKLTF	TRAV6N-7	TRAJ27	m12	1
CASSRDISDYTF	TRBV26	TRBJ1-2		CAVEGTNTGKLTF	TRAV4-2	TRAJ27	m12	1
CASSSPGGQDSDYTF	TRBV16	TRBJ1-2		CALRKGSFNKLTF	TRAV12D-2	TRAJ4	m12	2
CASSMAEDTQYF	TRBV19	TRBJ2-5		CALRKGSFNKLTF	TRAV12D-2	TRAJ4	m12	1
CASRGVNTLYF	TRBV13-3	TRBJ2-4		CAASTTGANTGKLTF	TRAV5-4	TRAJ52	m12	1
CASSHPGHSNSDYTF	TRBV2	TRBJ1-2		CAVKAGGSNAKLTF	TRAV9D-3	TRAJ42	m12	1
CASGRSYEQYF	TRBV15	TRBJ2-7		CAVSVSSNTNKVVF	TRAV9D-3	TRAJ34	m12	1
CASSLRGGSGNTLYF	TRBV12-1	TRBJ1-3		CAASYQGGRALIF	TRAV7D-2	TRAJ15	m12	1
CASSQPDWGDAEQFF	TRBV5	TRBJ2-1		CAASNYGSSGNKLIF	TRAV14D-1	TRAJ32	m12	1
CASGDAAANSDYTF	TRBV12-2	TRBJ1-2		CALSGNSAGNKLTF	TRAV12D-3	TRAJ17	m12	2
CASSRTGGGEQYF	TRBV2	TRBJ2-7	TRBD2	CAIGAGSGGKLTL	TRAV13-2	TRAJ44	m12	1
CGARRQGKRDTQYF	TRBV20	TRBJ2-5		CALSGSNYQLIW	TRAV12D-2	TRAJ33	m12	1
CASSQEWESSYEQYF	TRBV2	TRBJ2-7		CAMRETSSSFSKLVF	TRAV16	TRAJ50	m12	1
CASSLGGRQNTLYF	TRBV15	TRBJ2-4		CAVEASSSFSKLVF	TRAV4-2	TRAJ50	m12	1
CASTSAISNERLFF	TRBV19	TRBJ1-4		CAARSGGNYKPTF	TRAV4D-4	TRAJ6	m12	1
CASTSAISNERLFF	TRBV19	TRBJ1-4		CAVVGNMGYKLTF	TRAV7D-5	TRAJ9	m12	1
CASSTWDNYEQYF	TRBV13-1	TRBJ2-7		CALSQYGSSGNKLIF	TRAV12D-3	TRAJ32	m12	1
CAWSRDRAETLYF	TRBV31	TRBJ2-3	TRBD1	CAAGMNQGGSAKLIF	TRAV4-3	TRAJ57	m12	1
CASSSTGGWDERLFF	TRBV26	TRBJ1-4	TRBD1	CAAGPHAGGSNAKLTF	TRAV4-4-DV10	TRAJ42	m12	1
CASGATGTFYEQYF	TRBV12-2	TRBJ2-7		CAPSQGTGSKLSF	TRAV12D-3	TRAJ58	m12	1
CASGATGTFYEQYF	TRBV12-2	TRBJ2-7		CAASASGSFNKLTF	TRAV14D-2	TRAJ4	m12	1
CASRTGTSSAETLYF	TRBV16	TRBJ2-3		CAVSINYNQGKLIF	TRAV7N-6	TRAJ23	m12	1
CASSHQGANTGQLYF	TRBV2	TRBJ2-2		CAVSMNYNQGKLIF	TRAV7-5	TRAJ23	m12	1
CASGRTGGAEEQYF	TRBV13-2	TRBJ2-7	TRBD2	CALSGPQNQGGSAKLIF	TRAV6-7-DV9	TRAJ57	m12	3
CASSQEEGGYEQYF	TRBV5	TRBJ2-7		CALSGNAYKVIF	TRAV6N-6	TRAJ30	m12	1
CATRLGGVNQDTQYF	TRBV12-2	TRBJ2-5	TRBD2	CAARTGGNNKLTF	TRAV14-3	TRAJ56	m12	1
CASSLDSAETLYF	TRBV3	TRBJ2-3		CALMSSGSWQLIF	TRAV12D-2	TRAJ22	m12	1
CAWSLEENTGQLYF	TRBV31	TRBJ2-2		CAVSHNTNTGKLTF	TRAV9-1	TRAJ27	m12	1
CASSLSRQATEVFF	TRBV3	TRBJ1-1		CILRATGGNNKLTF	TRAV21-DV12	TRAJ56	m12	1
CTCSAVGSSAETLYF	TRBV1	TRBJ2-3		CAASATNTGKLTF	TRAV14-1	TRAJ27	m12	1
CTCSAVGSSAETLYF	TRBV1	TRBJ2-3		CVLVLSSNTNKVVF	TRAV6-2	TRAJ34	m12	1
CASSQETGGATGQLYF	TRBV5	TRBJ2-2	TRBD2	CAVSASSGSWQLIF	TRAV3D-3	TRAJ22	m12	1
CASSLNRVGNTLYF	TRBV29	TRBJ1-3		CALVTNAYKVIF	TRAV12-1	TRAJ30	m12	1
CASTMGEDSNERLFF	TRBV19	TRBJ1-4		CALVTNAYKVIF	TRAV12-1	TRAJ30	m12	1
CASSLGTFSNERLFF	TRBV15	TRBJ1-4		CAPMNYNQGKLIF	TRAV6-4	TRAJ23	m12	1
CASSLDAETLYF	TRBV16	TRBJ2-3		CACNTGNYKYVF	TRAV9N-4	TRAJ40	m12	1
CASRIRDWGYEQYF	TRBV19	TRBJ2-7		CAARTPGYQNFYF	TRAV7D-2	TRAJ49	m12	1
CASGLRDRGNTLYF	TRBV12-2	TRBJ2-4	TRBD1	CAVSNSNYQLIW	TRAV7-3	TRAJ33	m12	2
CTCSGQNERLFF	TRBV1	TRBJ1-4		CAMERASSSFSKLVF	TRAV13-4-DV7	TRAJ50	m12	1
CASSAGLGGQNTLYF	TRBV13-1	TRBJ2-4	TRBD2	CAASRTGANTGKLTF	TRAV14D-3-DV8	TRAJ52	m12	1
CASGDAIGGDTGQLYF	TRBV12-2	TRBJ2-2		CILRGMSNYNVLYF	TRAV21-DV12	TRAJ21	m12	1
CASSPGGGQDTQYF	TRBV15	TRBJ2-5		CAARASSGGSNYKLTF	TRAV14D-3-DV8	TRAJ53	m12	1
CAWIGGNAETLYF	TRBV31	TRBJ2-3	TRBD1	CAASGASSGQKLVF	TRAV14N-3	TRAJ16	m12	1
CASSYWRAETLYF	TRBV16	TRBJ2-3		CALAPRENTNKVVF	TRAV13-1	TRAJ34	m12	1
CASSFWGGGPETLYF	TRBV15	TRBJ2-3		CALAPRENTNKVVF	TRAV13-1	TRAJ34	m12	1
CASSPDWGNYEQYF	TRBV13-1	TRBJ2-7		CAASATGNTGKLIF	TRAV14N-3	TRAJ37	m12	1
CASSQYNSPLYF	TRBV5	TRBJ1-6		CAASAHNTNTGKLTF	TRAV14-2	TRAJ27	m12	1
CASSIPGQGSERLFF	TRBV29	TRBJ1-4	TRBD1	CAMRQGGSAKLIF	TRAV16	TRAJ57	m12	1
CASSYYWGEKGQNTLYF	TRBV15	TRBJ2-4		CALKSGGNYKPTF	TRAV12D-3	TRAJ6	m12	1
CAWSPLTGETGNTLYF	TRBV31	TRBJ1-3		CALKSGGNYKPTF	TRAV12D-3	TRAJ6	m12	1
CASSLTNSGNTLYF	TRBV16	TRBJ1-3		CALEGRTGANTGKLTF	TRAV17	TRAJ52	m12	1
CASSFYRPGGQSTLYF	TRBV14	TRBJ2-3		CALGHYSNNRLTL	TRAV6N-7	TRAJ7	m12	1
CASSLRSQNTLYF	TRBV16	TRBJ2-4		CAAEDTGANTGKLTF	TRAV4-4-DV10	TRAJ52	m12	1
CASSLGGGYEQYF	TRBV12-1	TRBJ2-7		CALSAHTGYQNFYF	TRAV12-2	TRAJ49	m12	1
CASRETGHTEVFF	TRBV13-3	TRBJ1-1	TRBD1	CAAEGTNAYKVIF	TRAV14-2	TRAJ30	m12	1
CASSRQGNSGNTLYF	TRBV13-3	TRBJ1-3		CAASGTGANTGKLTF	TRAV14-2	TRAJ52	m12	1
