CASSLAGGYAEQFF	TRBV15	TRBJ2-1	TRBD1	CAARDSNYQLIW	TRAV10	TRAJ33	m34	6
CAWSLWGGAGQLYF	TRBV31	TRBJ2-2	TRBD2	CAMSANYGNEKITF	TRAV6-3	TRAJ48	m34	2
CASSSWDWYTGQLYF	TRBV16	TRBJ2-2		CAANNNAGAKLTF	TRAV7-3	TRAJ39	m34	3
CASGERGLTLYF	TRBV13-2	TRBJ2-3	TRBD1	CAAGDQGGSAKLIF	TRAV19	TRAJ57	m34	1
CASGGTSAETRYF	TRBV13-2	TRBJ2-3		CAVSSNNNNAPRF	TRAV7-5	TRAJ43	m34	1
CTCSTTANTGQLYF	TRBV1	TRBJ2-2		CAASATGNTGKLIF	TRAV14-2	TRAJ37	m34	1
CASSDFGAANTGQLYF	TRBV13-1	TRBJ2-2		CAVSMGDSGTYQRF	TRAV7-3	TRAJ13	m34	79
CAWSLLGTNTGQLYF	TRBV31	TRBJ2-2		CAASGGFASALTF	TRAV7-4	TRAJ35	m34	1
CAWTAGSNERLFF	TRBV31	TRBJ1-4		CAASVGGGSNYKLTF	TRAV14N-3	TRAJ53	m34	1
CASSRFLGSAETLYF	TRBV17	TRBJ2-3		CAAYSGGSNYKLTF	TRAV14-3	TRAJ53	m34	1
CAWSLVGAQNTLYF	TRBV31	TRBJ2-4		CAAEGGYGNEKITF	TRAV4-4-DV10	TRAJ48	m34	1
CAWSLVGAQNTLYF	TRBV31	TRBJ2-4		CAAEAGSNYQLIW	TRAV4-4-DV10	TRAJ33	m34	1
CASSTRVYLNERLFF	TRBV26	TRBJ1-4		CAAVTSGGNYKPTF	TRAV4D-4	TRAJ6	m34	6
CASRDWGLAETLYF	TRBV15	TRBJ2-3	TRBD1	CALVNSGGSNAKLTF	TRAV6-4	TRAJ42	m34	1
CASSRDTYEQYF	TRBV5	TRBJ2-7		CAVSSGSFNKLTF	TRAV7-5	TRAJ4	m34	1
CASSFSNTEVFF	TRBV16	TRBJ1-1		CILRVVSGGSNYKLTF	TRAV21-DV12	TRAJ53	m34	3
CASSFLGGSQNTLYF	TRBV3	TRBJ2-4		CAAGNAGAKLTF	TRAV4-3	TRAJ39	m34	1
CASSSGTGNERLFF	TRBV3	TRBJ1-4	TRBD1	CALGVPSGSWQLIF	TRAV6N-7	TRAJ22	m34	17
CASSDPRANSDYTF	TRBV13-3	TRBJ1-2		CALTGGSALGRLHF	TRAV12D-2	TRAJ18	m34	6
CASSFGTGSEGYF	TRBV3	TRBJ1-1	TRBD1	CAATTGGSNAKLTF	TRAV14-2	TRAJ42	m34	1
CASSLAGRDTEVFF	TRBV12-2	TRBJ1-1		CAVSPNSAGNKLTF	TRAV9D-3	TRAJ17	m34	3
CASSDDSSGNTLYF	TRBV13-3	TRBJ1-3		CAASYTGNYKYVF	TRAV14-2	TRAJ40	m34	1
CGASYSLSNERLFF	TRBV20	TRBJ1-4		CAASAGTNTGKLTF	TRAV10	TRAJ27	m34	3
CASSFAGGVETLYF	TRBV15	TRBJ2-3		CAVRPGGSALGRLHF	TRAV3D-3	TRAJ18	m34	3
CASSPSGKQNPLNF	TRBV12-1	TRBJ2-4		CAVSLMNYNQGKLIF	TRAV7N-4	TRAJ23	m34	1
CSSKTGSQNTLYF	TRBV30	TRBJ2-4		CALRQGGSAKLIF	TRAV12D-3	TRAJ57	m34	1
CASSLDWAETLYF	TRBV12-2	TRBJ2-3		CAASPSSSFSKLVF	TRAV14-1	TRAJ50	m34	2
CASSLAGPATEVFF	TRBV3	TRBJ1-1		CAAGTGYQNFYF	TRAV4-4-DV10	TRAJ49	m34	1
CASSLAGPATEVFF	TRBV3	TRBJ1-1		CALNTGYQNFYF	TRAV12-3	TRAJ49	m34	1
CASSQETGTHSAETLYF	TRBV5	TRBJ2-3		CAMRNNNNAPRF	TRAV13-4-DV7	TRAJ43	m34	103
CASSDADSSYEQYF	TRBV13-3	TRBJ2-7		CAMELGGNYKYVF	TRAV13-4-DV7	TRAJ40	m34	17
CTCSGTGTGSYEQYF	TRBV1	TRBJ2-7	TRBD1	CAATLNTGYQNFYF	TRAV7D-2	TRAJ49	m34	1
CASSQDRGRSERLFF	TRBV5	TRBJ1-4	TRBD1	CALEAPPNTNKVVF	TRAV13-1	TRAJ34	m34	1
CASSLGGANTGQLYF	TRBV3	TRBJ2-2		CVLINMGYKLTF	TRAV9-2	TRAJ9	m34	5
CASSLTGVSNERLFF	TRBV15	TRBJ1-4		CATLTTASLGKLQF	TRAV8-1	TRAJ24	m34	10
CTCSAPGADTQYF	TRBV1	TRBJ2-5		CAVLNNNNAPRF	TRAV4D-3	TRAJ43	m34	1
CASSLVSSAETLYF	TRBV3	TRBJ2-3		CAAETGGYKVVF	TRAV4D-4	TRAJ12	m34	3
CASSYTGGNQDTQYF	TRBV4	TRBJ2-5		CVLGASSSFSKLVF	TRAV6D-5	TRAJ50	m34	13
CASSLDWGDGTLYF	TRBV12-2	TRBJ2-4		CAAEKGTGSKLSF	TRAV4-4-DV10	TRAJ58	m34	1
CASSDQGFSNERLFF	TRBV13-3	TRBJ1-4		CAASTPSGSWQLIF	TRAV10D	TRAJ22	m34	2
CASSLAGGQNTLYF	TRBV16	TRBJ2-4		CALGPITGNTGKLIF	TRAV6N-7	TRAJ37	m34	1
CASSDARGDERLFF	TRBV13-1	TRBJ1-4		CARSGGSNYKLTF	TRAV13-4-DV7	TRAJ53	m34	1
CASSIEVANTEVFF	TRBV19	TRBJ1-1		CASNTNKVVF	TRAV8-1	TRAJ34	m34	14
CTCSAGEDNQAPLF	TRBV1	TRBJ1-5		CAVSLNTGNYKYVF	TRAV7-5	TRAJ40	m34	2
CASRTSAETLYF	TRBV19	TRBJ2-3		CAAETTNAYKVIF	TRAV4-4-DV10	TRAJ30	m34	1
CASRQGTNERLFF	TRBV16	TRBJ1-4		CAMREGWNTEGADRLTF	TRAV16D-DV11	TRAJ45	m34	1
CAWDRNSGNTLYF	TRBV31	TRBJ1-3		CALEDMATGGNNKLTF	TRAV17	TRAJ56	m34	5
CLQISNERLFF	TRBV29	TRBJ1-4		CAAGAPNYNVLYF	TRAV19	TRAJ21	m34	38
CASSLDGGQDTQYY	TRBV3	TRBJ2-5		CATGSNSGTYQRF	TRAV8D-1	TRAJ13	m34	1
CASSMKGNTGQLYF	TRBV19	TRBJ2-2		CALEQGNTGKLIF	TRAV13-1	TRAJ37	m34	2
CASSPSGNQNTLYF	TRBV12-1	TRBJ2-4		CAVSLMNYNQGKLIF	TRAV7N-4	TRAJ23	m34	5
CGASQGIQDTQYF	TRBV20	TRBJ2-5		CAVRRNNNNAPRF	TRAV3D-3	TRAJ43	m34	1
CASSIGQYEQYF	TRBV19	TRBJ2-7		CAMDLTGGYKVVF	TRAV13N-1	TRAJ12	m34	1
CASSDWGQDTQYF	TRBV13-1	TRBJ2-5	TRBD1	CAARRNNNNAPRF	TRAV7D-2	TRAJ43	m34	7
CASSPTGRGVFF	TRBV12-1	TRBJ1-1		CAARNMGYKLTF	TRAV4-3	TRAJ9	m34	1
CASSQDRNNQAPLF	TRBV5	TRBJ1-5		CALELRPSGSWQLIF	TRAV13-1	TRAJ22	m34	1
CASSDADSSYEQYF	TRBV13-3	TRBJ2-7		CALELRPSGSWQLIF	TRAV13-1	TRAJ22	m34	1
CASSLRLGSYEQYF	TRBV12-1	TRBJ2-7		CALGGGSNAKLTF	TRAV6D-6	TRAJ42	m34	1
CASSGTGGVSYEQYF	TRBV13-1	TRBJ2-7	TRBD2	CAARASSSFSKLVF	TRAV7D-2	TRAJ50	m34	3
CASSDEGYSDYTF	TRBV13-1	TRBJ1-2		CALGTAGNTGKLIF	TRAV6N-7	TRAJ37	m34	6
CASSQDPRQDTQYF	TRBV2	TRBJ2-5		CAASMDSNYQLIW	TRAV10	TRAJ33	m34	1
CASGDRGQEGSDYTF	TRBV12-2	TRBJ1-2	TRBD1	CATDRYNVLYF	TRAV8D-2	TRAJ21	m34	2
CASSGTGGVSYEQYC	TRBV13-1	TRBJ2-7	TRBD2	CAARASSSFSKLVF	TRAV7D-2	TRAJ50	m34	1
CASSQEGGHYAEQFF	TRBV2	TRBJ2-1		CAASRNTEGADRLTF	TRAV14-1	TRAJ45	m34	2
CASSFDIYEQYF	TRBV4	TRBJ2-7		CALPQGGRALIF	TRAV6N-7	TRAJ15	m34	1
CASSQTGTGKNTLYF	TRBV2	TRBJ2-4		CALSDQGSNAKLTF	TRAV6-7-DV9	TRAJ42	m34	1
CASSLLGGLAEQFF	TRBV3	TRBJ2-1		CAAGAGAGGANTGKLTF	TRAV19	TRAJ52	m34	2
CASSILGGRAETLYF	TRBV19	TRBJ2-3		CALSLTGGNNKLTF	TRAV6-7-DV9	TRAJ56	m34	1
CASSETGGQAPLF	TRBV13-3	TRBJ1-5	TRBD1	CALSLTGGNNKLTF	TRAV6-7-DV9	TRAJ56	m34	1
CASSITGAGNTLYF	TRBV19	TRBJ1-3		CALGDIGAGNKLTF	TRAV6N-7	TRAJ17	m34	2
CASSDSYEQYF	TRBV15	TRBJ2-7		CAVSQSSNTNKVVF	TRAV9D-3	TRAJ34	m34	1
CASSIYGRGAETLYF	TRBV19	TRBJ2-3		CAASVTGSGGKLTL	TRAV7-4	TRAJ44	m34	3
CGARGNQDTQYF	TRBV20	TRBJ2-5		CALGHDSGYNKLTF	TRAV6N-7	TRAJ11	m34	2
CASSDANRGQNTLYF	TRBV13-1	TRBJ2-4	TRBD1	CAARASSSFSKLVF	TRAV7D-2	TRAJ50	m34	1
CLQISNERLFF	TRBV29	TRBJ1-4		CAARASSSFSKLVF	TRAV7D-2	TRAJ50	m34	1
CASSRQGDYAEQFF	TRBV2	TRBJ2-1		CAVSLDRIFF	TRAV4-2	TRAJ31	m34	2
CASSGTVSNERLFF	TRBV13-1	TRBJ1-4		CAVRNSAGNKLTF	TRAV9D-3	TRAJ17	m34	3
CASGDRNQAPLF	TRBV13-3	TRBJ1-5		CAANRGAALGRLHF	TRAV5-4	TRAJ18	m34	1
CGAKDSNQDTQYF	TRBV20	TRBJ2-5		CALSTGSGGKLTL	TRAV12-2	TRAJ44	m34	1
CASRDEGAAPLF	TRBV13-1	TRBJ1-5		CALERDNTNKVVF	TRAV13-1	TRAJ34	m34	1
CASSLLLYEQYF	TRBV3	TRBJ2-7		CALSNTGYQNFYF	TRAV6-4	TRAJ49	m34	1
CASSLTFNQDTQYF	TRBV15	TRBJ2-5		CAVNIASSTISKLVI	TRAV7-6	TRAJ50	m34	1
CASSQDSQDTQYF	TRBV5	TRBJ2-5		CAVSIDTNTGKLTF	TRAV7-1	TRAJ27	m34	2
CSSSRDTQYF	TRBV30	TRBJ2-5		CAAEARSNNRIFF	TRAV4-4-DV10	TRAJ31	m34	1
CASSQTGRNQAPLF	TRBV4	TRBJ1-5	TRBD1	CAMREGADSGTYQRF	TRAV16N	TRAJ13	m34	1
CASSQGTDYAEQFF	TRBV5	TRBJ2-1		CALGRYAQGLTF	TRAV6D-6	TRAJ26	m34	4
CASSQRTGVDTQYF	TRBV5	TRBJ2-5	TRBD1	CALGEGNMGYKLTF	TRAV6N-5	TRAJ9	m34	1
CASSPGLVEQYF	TRBV3	TRBJ2-7		CAASMAAGGSNAKLTF	TRAV7D-2	TRAJ42	m34	7
CASSLELGNEQYF	TRBV3	TRBJ2-7		CAASWGSNAKLTF	TRAV7D-2	TRAJ42	m34	11
CASSRNAEQFF	TRBV26	TRBJ2-1		CALGLNYNQGKLIF	TRAV6N-7	TRAJ23	m34	1
CASSPLTGPAETLYF	TRBV3	TRBJ2-3		CAMSDSSGSWQLIF	TRAV6D-3	TRAJ22	m34	3
CASSFGRGNSPLYF	TRBV4	TRBJ1-6		CALEKGTNAYKVIF	TRAV13-1	TRAJ30	m34	1
CTCSADGRNTLYF	TRBV1	TRBJ2-4		CALGDYANKMIF	TRAV6N-7	TRAJ47	m34	1
CTCSAGTGNERLFF	TRBV1	TRBJ1-4	TRBD1	CALLSGSFNKLTF	TRAV8-1	TRAJ4	m34	1
CASGGLGGTSAETLYF	TRBV13-2	TRBJ2-3	TRBD2	CAVSAHSGYNKLTF	TRAV3D-3	TRAJ11	m34	6
CASSIKRDNYEQYF	TRBV19	TRBJ2-7		CAASNYNQGKLIF	TRAV7-4	TRAJ23	m34	1
CASSLLGGAETLYF	TRBV29	TRBJ2-3		CAASESITGNTGILIF	TRAV7-4	TRAJ37	m34	1
CASSRDSHQNTLYF	TRBV3	TRBJ2-4		CALPYTNTGKLTF	TRAV6D-6	TRAJ27	m34	1
CASGEGTGGNTGQLYF	TRBV12-2	TRBJ2-2	TRBD1	CAALNSNNRIFF	TRAV14D-3-DV8	TRAJ31	m34	3
CASRAGLGINQDTQYF	TRBV26	TRBJ2-5		CAADYNQGKLIF	TRAV4D-4	TRAJ23	m34	2
CASGDWGSAETLYF	TRBV13-2	TRBJ2-3		CAVTGGSNAKLTF	TRAV7-5	TRAJ42	m34	4
CTCSPGANERLFF	TRBV1	TRBJ1-4		CAASGESGSWQLIF	TRAV14-3	TRAJ22	m34	2
CASGAPPAGPNTEVFF	TRBV13-2	TRBJ1-1		CAMREAGNTGKLIF	TRAV6-3	TRAJ37	m34	1
CASSIGQYEQYF	TRBV19	TRBJ2-7		CAVELSGSFNKLTF	TRAV7D-3	TRAJ4	m34	1
CASGPGHHNERLFF	TRBV12-2	TRBJ1-4		CAASDVSAGNKLTF	TRAV14N-3	TRAJ17	m34	2
CASSLDWGSTQYF	TRBV4	TRBJ2-5		CAATSGGSNAKLTF	TRAV4-3	TRAJ42	m34	1
CASSLGGTGGYEQYF	TRBV16	TRBJ2-7		CALARNNAGAKLTF	TRAV6D-6	TRAJ39	m34	1
CASSDNNNQAPLF	TRBV13-3	TRBJ1-5		CAASMASGSWQLIF	TRAV14D-2	TRAJ22	m34	4
CGARLRANSDYTF	TRBV20	TRBJ1-2		CAMSDNGNYQLIW	TRAV6D-3	TRAJ33	m34	1
CASSLQGYEQYF	TRBV12-1	TRBJ2-7		CAASRTGGYKVVF	TRAV7-4	TRAJ12	m34	1
CASSLQGYEQYF	TRBV12-1	TRBJ2-7		CAVSMIDNYAQGLTF	TRAV7-5	TRAJ26	m34	1
CASSDEGAYTEVFF	TRBV13-1	TRBJ1-1		CAASAGTGNTGKLIF	TRAV14-2	TRAJ37	m34	1
CASSLEQISNERLFF	TRBV16	TRBJ1-4		CAVSGGTNAYKVIF	TRAV9D-1	TRAJ30	m34	1
CASSINWGGAQNTLYF	TRBV19	TRBJ2-4	TRBD2	CAVLYGSSGNKLIF	TRAV9-4	TRAJ32	m34	8
CASSMGQKQAPLF	TRBV19	TRBJ1-5		CAAEPDSNYQLIW	TRAV4-3	TRAJ33	m34	1
CGARSSGNTLYF	TRBV20	TRBJ1-3		CATGGTNAYKVIF	TRAV8D-2	TRAJ30	m34	3
CASSSGTANERLFF	TRBV12-1	TRBJ1-4		CAADTNAYKVIF	TRAV7D-2	TRAJ30	m34	2
CASSLAGGYAEQFF	TRBV15	TRBJ2-1	TRBD1	CAMEDPNSNNRIFF	TRAV13N-3	TRAJ31	m34	11
CAWSLGQNQDTQYF	TRBV31	TRBJ2-5		CIVTWTQVVGQLTF	TRAV2	TRAJ5	m34	7
CASSVLGGANEQYF	TRBV16	TRBJ2-7		CATDNYAQGLTF	TRAV8-1	TRAJ26	m34	1
CASGDLDPTEVFF	TRBV13-2	TRBJ1-1		CAASSNTNKVVF	TRAV7D-2	TRAJ34	m34	3
CASSPLGGYEQYF	TRBV3	TRBJ2-7		CALSDRGTGNYKYVF	TRAV6-7-DV9	TRAJ40	m34	5
CASSLEANSDYTF	TRBV3	TRBJ1-2		CAMSDSSGSWQLIF	TRAV6D-3	TRAJ22	m34	1
CASSQDSQGADTQYF	TRBV5	TRBJ2-5	TRBD1	CAAAITGNTGKHII	TRAV4-4-DV10	TRAJ37	m34	1
CASSQDSQGADTQYF	TRBV5	TRBJ2-5	TRBD1	CAASRGGNYKYVF	TRAV10	TRAJ40	m34	2
CASMGRDYEQYF	TRBV3	TRBJ2-7		CASNTEGADRLTF	TRAV8N-2	TRAJ45	m34	1
CASSQGQNTLYF	TRBV12-1	TRBJ2-4		CALRVNYAQGLTF	TRAV6-5	TRAJ26	m34	2
CASTGGALAEQFF	TRBV31	TRBJ2-1	TRBD2	CALERGGSALGRLHF	TRAV13-1	TRAJ18	m34	1
CASSLDATNERLFF	TRBV3	TRBJ1-4		CAASNYGNEKITF	TRAV4-4-DV10	TRAJ48	m34	5
CASSSGTANERLFF	TRBV12-1	TRBJ1-4		CAVDTNAYKVIF	TRAV7D-2	TRAJ30	m34	10
CASSPYWGEGTQYF	TRBV12-1	TRBJ2-5		CAAAITGNTGKLIF	TRAV4-4-DV10	TRAJ37	m34	7
CTCSATGPGDTQYF	TRBV1	TRBJ2-5	TRBD1	CAAGGGTGSKLSF	TRAV19	TRAJ58	m34	1
CASSWTGGTEVFF	TRBV3	TRBJ1-1	TRBD1	CAAEENSGGSNYKLTF	TRAV7D-4	TRAJ53	m34	2
CASSYQDTQYF	TRBV19	TRBJ2-5		CAASLNSNNRIFF	TRAV10	TRAJ31	m34	7
CASSFMGEGNTLYF	TRBV16	TRBJ2-4		CAASISNNRIFF	TRAV10D	TRAJ31	m34	1
CASSPDRVTEVFF	TRBV12-2	TRBJ1-1		CAAGAYQGGSAKLIF	TRAV19	TRAJ57	m34	2
CASSQDGNNQAPLF	TRBV5	TRBJ1-5		CAAVYGSSGNKLIF	TRAV4D-4	TRAJ32	m34	3
CASSVDWGYAAEQFF	TRBV4	TRBJ2-1		CAVSPGTQVVGQLTF	TRAV3D-3	TRAJ5	m34	1
CASSTDSGNTLYF	TRBV19	TRBJ1-3		CAAVTSGGNYKPTF	TRAV4D-4	TRAJ6	m34	1
CASSIETSNERLFF	TRBV19	TRBJ1-4		CAANNNNAPRF	TRAV4-3	TRAJ43	m34	2
CASSQEGANSDYTF	TRBV5	TRBJ1-2		CALVASYGSSGNKLIF	TRAV6D-4	TRAJ32	m34	2
CASSQAGGGGNAEQFF	TRBV4	TRBJ2-1		CALSLSLNNRIFF	TRAV9N-4	TRAJ31	m34	2
CASGGLGGGQDTQYF	TRBV12-2	TRBJ2-5		CAISNMGYKLTF	TRAV13D-2	TRAJ9	m34	4
CASSDSPGNTEVFF	TRBV13-3	TRBJ1-1		CAARRNAGAKLTF	TRAV7D-2	TRAJ39	m34	2
CASSDSPGNTEVFF	TRBV13-3	TRBJ1-1		CALWELAYNRIFF	TRAV15-1-DV6-1	TRAJ31	m34	1
CASSPGGAGTGQLYF	TRBV2	TRBJ2-2	TRBD1	CAVSSNTNKVVF	TRAV7N-6	TRAJ34	m34	1
CASSHQGTEVFF	TRBV13-1	TRBJ1-1		CALSHSGGNYKPTF	TRAV12D-2	TRAJ6	m34	1
CASGVPGLGAYAEQFF	TRBV12-2	TRBJ2-1	TRBD1	CVLGESYGNEKITF	TRAV6D-5	TRAJ48	m34	1
CASSTRVYLNERLFF	TRBV26	TRBJ1-4		CAAVTSGGHNKPTF	TRAV4D-4	TRAJ6	m34	1
CGARNWENTLYF	TRBV20	TRBJ2-4		CAMRDPPNYNQGKLIF	TRAV6-3	TRAJ23	m34	2
CASSQGQNTLNF	TRBV12-1	TRBJ2-4		CALRVNYAQGLTF	TRAV6-5	TRAJ26	m34	1
CASSRLGSSQNTLYF	TRBV14	TRBJ2-4		CAVSISNYNQGKLIF	TRAV7-3	TRAJ23	m34	1
CLQISNERLFF	TRBV29	TRBJ1-4		CAVIFTGGNNKLTF	TRAV7-6	TRAJ56	m34	25
CASSDANRGQNTLYF	TRBV13-1	TRBJ2-4	TRBD1	CAVIFTGGNNKLTF	TRAV7-6	TRAJ56	m34	23
CASSDVFSYEQYF	TRBV13-3	TRBJ2-7		CAAEWPGYQNFYF	TRAV4-4-DV10	TRAJ49	m34	1
CASSPGQGYTEVFF	TRBV12-2	TRBJ1-1	TRBD1	CAMGDRGSALGRLHF	TRAV13D-1	TRAJ18	m34	1
CASSFWGSYEQYF	TRBV12-2	TRBJ2-7		CALRIASSSFSKLVF	TRAV6-5	TRAJ50	m34	1
CASGDLGQSSYEQYF	TRBV13-2	TRBJ2-7	TRBD1	CALGSGYNKLTF	TRAV12D-3	TRAJ11	m34	1
CASGDAGWGGYEQYF	TRBV13-2	TRBJ2-7		CAMERKSNNRIFF	TRAV13N-1	TRAJ31	m34	1
CASSPTVNQDTQYF	TRBV5	TRBJ2-5		CALSDPTNAYKVIF	TRAV6-7-DV9	TRAJ30	m34	2
CASSRDRYAEQFF	TRBV12-1	TRBJ2-1		CALSAQQRTGSKLSF	TRAV12-2	TRAJ58	m34	1
CASSILGNQNTLYF	TRBV19	TRBJ2-4		CALSASSSFSKLVF	TRAV6-5	TRAJ50	m34	5
CASSDGWGGAGDTQYF	TRBV13-1	TRBJ2-5	TRBD2	CATAGSFNKLTF	TRAV8N-2	TRAJ4	m34	1
CASSLIENTLYF	TRBV16	TRBJ1-3		CATDTDYNQGKLIF	TRAV8N-2	TRAJ23	m34	7
CASSLEGAQNTLYF	TRBV3	TRBJ2-4		CAAEDRGSALGRLHF	TRAV4-4-DV10	TRAJ18	m34	1
CASSHTSGNTLYF	TRBV12-1	TRBJ1-3		CAASMANSGTYQRF	TRAV10N	TRAJ13	m34	8
CASSHTSGNTLYF	TRBV12-1	TRBJ1-3		CALRPGTGGYKVVF	TRAV12D-3	TRAJ12	m34	3
CASSDALGGRRDTQYF	TRBV13-1	TRBJ2-5	TRBD2	CAALSGGNYKPTF	TRAV14D-2	TRAJ6	m34	2
CASSRDWVSYEQYF	TRBV12-2	TRBJ2-7		CALRMSNYNVLYF	TRAV12D-2	TRAJ21	m34	17
CASSYRGDNSPLYF	TRBV12-1	TRBJ1-6		CAMRENYGNEKITF	TRAV16	TRAJ48	m34	8
CASGDSGGQNTLYF	TRBV13-2	TRBJ2-4		CALWGHTGNYKYVF	TRAV12-1	TRAJ40	m34	29
CTCSAGLGGDTQYF	TRBV1	TRBJ2-5		CAVSEPGGNYKPTF	TRAV7N-4	TRAJ6	m34	1
CASRDRVYEQYF	TRBV3	TRBJ2-7		CAVSTNTGNYKYVF	TRAV7-5	TRAJ40	m34	1
CASSLDSSGNTLYF	TRBV3	TRBJ1-3		CAVSTNTGNYKYVF	TRAV7-5	TRAJ40	m34	1
CASGGLGVYEQYF	TRBV13-2	TRBJ2-7		CAARNSGGSNYKLTF	TRAV4D-3	TRAJ53	m34	1
CASSLGRAGTGQLYF	TRBV3	TRBJ2-2		CAMERGTGGYKVVF	TRAV13N-1	TRAJ12	m34	1
CASSDANRGQNTLYF	TRBV13-1	TRBJ2-4	TRBD1	CAAGAPNYNVLYF	TRAV19	TRAJ21	m34	36
CASSLYGTVYEQYF	TRBV26	TRBJ2-7		CAMEPGNTGKLIF	TRAV13D-4	TRAJ37	m34	3
CASSLYGTVYEQYF	TRBV26	TRBJ2-7		CALDYGNEKITF	TRAV13-1	TRAJ48	m34	3
CASSLDSSGNTLYF	TRBV3	TRBJ1-3		CALSANTGNYKYVF	TRAV6-7-DV9	TRAJ40	m34	9
CAWHRGGISNERLFF	TRBV31	TRBJ1-4		CAAATNTGKLTF	TRAV7D-2	TRAJ27	m34	4
CASGDVGLLSYEQYF	TRBV12-2	TRBJ2-7		CALLYTGNYKYVF	TRAV6N-7	TRAJ40	m34	4
CASSLRGRYNSPLYF	TRBV12-2	TRBJ1-6		CATEDYSNNRLTL	TRAV8N-2	TRAJ7	m34	1
CASSDRGNERLFF	TRBV13-3	TRBJ1-4	TRBD1	CAVRYQGGRALIF	TRAV7-5	TRAJ15	m34	14
CASSDAGRASSYEQYF	TRBV13-1	TRBJ2-7		CAARGTGGYKVVF	TRAV10N	TRAJ12	m34	2
CASSDAGRASSYEQYF	TRBV13-1	TRBJ2-7		CAVGQGGRALIF	TRAV7D-3	TRAJ15	m34	6
CASSLQTGTSGNTLYF	TRBV12-2	TRBJ1-3		CSAPDMSNYNVLYF	TRAV5-1	TRAJ21	m34	12
CGARAGGRSDYTF	TRBV20	TRBJ1-2	TRBD1	CAAEDRGNYQLIW	TRAV4D-3	TRAJ33	m34	2
CASGGRAETLYF	TRBV13-2	TRBJ2-3		CAVGNTGNYKYVF	TRAV3-3	TRAJ40	m34	1
CASSLMGGNTLYF	TRBV26	TRBJ1-3		CALPPTGANTGKLTF	TRAV13-1	TRAJ52	m34	10
CASSLTRNQDTQYF	TRBV3	TRBJ2-5		CAASLGYKLTF	TRAV7D-2	TRAJ9	m34	2
CASRLQYTGQLYF	TRBV15	TRBJ2-2		CALGDTGNAPRF	TRAV6N-7	TRAJ43	m34	2
CTCSAGLGVPNQDTQYF	TRBV1	TRBJ2-5		CAAQGGSAKLIF	TRAV4-3	TRAJ57	m34	5
CASSRGVDTGQLYF	TRBV26	TRBJ2-2		CASPPGGNYKPTF	TRAV7D-5	TRAJ6	m34	1
CASSDPRANSDYTF	TRBV13-3	TRBJ1-2		CAMERSNNRIFF	TRAV13N-4	TRAJ31	m34	7
CASSDAGTSYEQYF	TRBV13-3	TRBJ2-7		CAMELTGNYKYVF	TRAV13-4-DV7	TRAJ40	m34	1
CASSLGGADSPLYF	TRBV12-2	TRBJ1-6		CALSPNYNQGKLIF	TRAV9N-4	TRAJ23	m34	1
CASSRTISNERLFF	TRBV4	TRBJ1-4		CAVNTGNYKYVF	TRAV8N-2	TRAJ40	m34	2
CASSIYGERLFF	TRBV19	TRBJ1-4		CATEISSNTNKVVF	TRAV8-1	TRAJ34	m34	8
CASSLIENTLYF	TRBV16	TRBJ1-3		CATDETGGYKVVF	TRAV8D-2	TRAJ12	m34	1
CASSLRGASAETLYF	TRBV3	TRBJ2-3		CILRAPATGGNNKLTF	TRAV21-DV12	TRAJ56	m34	1
CASSLLGGAETLYF	TRBV29	TRBJ2-3		CAASESITGNTGKLIF	TRAV7-4	TRAJ37	m34	7
CASSLRRSGNTLYF	TRBV12-2	TRBJ1-3		CALSDRGTNAYKVIF	TRAV6-5	TRAJ30	m34	1
CASSLRGRQNTLYF	TRBV12-1	TRBJ2-4		CALGLASSSFSKLVF	TRAV6D-6	TRAJ50	m34	1
CASSDQGANTEVFF	TRBV13-1	TRBJ1-1	TRBD1	CAASPVTNAYKVIF	TRAV7-4	TRAJ30	m34	1
CGAGGAFAETLYF	TRBV20	TRBJ2-3		CAASGSGSWQLIF	TRAV14D-3-DV8	TRAJ22	m34	12
CASSGTGGAETLYF	TRBV15	TRBJ2-3	TRBD2	CAAEGMLSGSFNKLTF	TRAV4D-4	TRAJ4	m34	1
CASSGTGGAETLYF	TRBV15	TRBJ2-3	TRBD2	CATDPFVGQLTF	TRAV8D-2	TRAJ5	m34	1
CASSSSYEQYF	TRBV15	TRBJ2-7		CAVSVSSSFSKLVF	TRAV9-4	TRAJ50	m34	2
CAWSQGGLGYAEQFF	TRBV31	TRBJ2-1		CALGAASSGSWQLIF	TRAV6D-6	TRAJ22	m34	1
CASSPSQNTLYF	TRBV3	TRBJ2-4		CAAEGSAGNKLTF	TRAV4-4-DV10	TRAJ17	m34	3
CASSQAPTGGASAETLYF	TRBV5	TRBJ2-3	TRBD2	CAVSPNSGGSNAKLTF	TRAV7-3	TRAJ42	m34	3
CAHWGENYAEQFF	TRBV31	TRBJ2-1		CALSPLATGGNNKLTF	TRAV12-3	TRAJ56	m34	1
CASSQTRSSQNTLYF	TRBV5	TRBJ2-4		CALSMDSNYQLIW	TRAV6-7-DV9	TRAJ33	m34	2
CSSVDKNTEVFF	TRBV30	TRBJ1-1		CALERGNSNNRIFF	TRAV13-1	TRAJ31	m34	3
CAWSLPGQLYF	TRBV31	TRBJ2-2		CALGAGNTGKLIF	TRAV6D-6	TRAJ37	m34	2
CASSLSGDWGRAETLYF	TRBV29	TRBJ2-3		CALRAGGNNKLTF	TRAV12-3	TRAJ56	m34	2
CASSPGSSYEQYF	TRBV5	TRBJ2-7		CALKTSGGNYKPTF	TRAV6N-6	TRAJ6	m34	1
CASSSDTNQAPLF	TRBV15	TRBJ1-5		CAASEVTNAYKVIF	TRAV7-4	TRAJ30	m34	7
CASSTGRVFF	TRBV4	TRBJ1-1		CALERGGNEKITF	TRAV13-1	TRAJ48	m34	1
CASSRDIYEQYF	TRBV4	TRBJ2-7		CAAEAGTGGYKVVF	TRAV4D-4	TRAJ12	m34	1
CASSRDWGYTGQLYF	TRBV12-1	TRBJ2-2		CVLGLSGSFNKLTF	TRAV6-2	TRAJ4	m34	1
CASSLRGNQAPLF	TRBV12-1	TRBJ1-5		CALFSGGSNYKLTF	TRAV13D-1	TRAJ53	m34	1
CASRGQGGNERLFF	TRBV13-3	TRBJ1-4		CALSGYNQGKLIF	TRAV6-5	TRAJ23	m34	1
CASSLDGGDYAEQFF	TRBV3	TRBJ2-1		CAVSADGSGGKLTL	TRAV3-3	TRAJ44	m34	1
CASSPLGVQDTQYF	TRBV19	TRBJ2-5		CAARASSGSWQLIF	TRAV7D-2	TRAJ22	m34	3
CASSPLGVQDTQYF	TRBV19	TRBJ2-5		CAVNPDSNNRIFF	TRAV7-5	TRAJ31	m34	1
CASSSLLGNTLYF	TRBV15	TRBJ2-4		CAARASSGSWQLIF	TRAV7D-2	TRAJ22	m34	1
CASSSLLGNTLYF	TRBV15	TRBJ2-4		CAVNPDSNNRIFF	TRAV7-5	TRAJ31	m34	2
CGAYRGANSDYTF	TRBV20	TRBJ1-2		CAKDTGNYKYVF	TRAV13-4-DV7	TRAJ40	m34	1
CAWRRGLGAETLYF	TRBV31	TRBJ2-3	TRBD1	CATGNNNAGAKLTF	TRAV8D-2	TRAJ39	m34	1
CAWSQRGQNSPLYF	TRBV31	TRBJ1-6		CAVNTGANTGKLTF	TRAV7-5	TRAJ52	m34	2
CASGDRDQDTQYF	TRBV13-2	TRBJ2-5	TRBD1	CAIDRTGGNYKPTF	TRAV13D-2	TRAJ6	m34	1
CSSRQGREQYF	TRBV30	TRBJ2-7		CAAEEAGTGSNRLTF	TRAV7D-2	TRAJ28	m34	4
CASSFEVYEQYF	TRBV3	TRBJ2-7		CAVSASNTNKVVF	TRAV9-4	TRAJ34	m34	2
CASSDNNNQAPLF	TRBV13-3	TRBJ1-5		CAARSSNTNKVVF	TRAV14D-2	TRAJ34	m34	1
CASSFGLGQDTQYF	TRBV4	TRBJ2-5		CALRLNYNQGKLIF	TRAV9N-4	TRAJ23	m34	7
CASSFGQNTLYF	TRBV14	TRBJ2-4		CAVRYYGNEKITF	TRAV7-3	TRAJ48	m34	3
CASGGLGGGQDTQYF	TRBV13-2	TRBJ2-5		CAISNMGYKLTF	TRAV13D-2	TRAJ9	m34	4
CASSRRQNTEVFF	TRBV3	TRBJ1-1		CAASMRSNNRIFF	TRAV10	TRAJ31	m34	4
CASSLTGGFSNERLFF	TRBV12-2	TRBJ1-4		CAARNYNQGKLIF	TRAV7D-2	TRAJ23	m34	17
CSSGDWGSAETLYF	TRBV12-2	TRBJ2-3		CAVTGGSNAKLTF	TRAV7-5	TRAJ42	m34	1
CASSLDRSGNTLYF	TRBV3	TRBJ1-3		CALSANTGNYKYVF	TRAV6-7-DV9	TRAJ40	m34	1
CASSSDRAQAPLF	TRBV3	TRBJ1-5		CAIDRNNNNAPRF	TRAV13-2	TRAJ43	m34	1
CASSDALGGEDTQYF	TRBV13-1	TRBJ2-5	TRBD2	CALSGPSSGSFNKLTF	TRAV6-7-DV9	TRAJ4	m34	1
CASSDALGGEDTQYF	TRBV13-1	TRBJ2-5	TRBD2	CAATDYSNNRLTL	TRAV7D-2	TRAJ7	m34	1
CAWSLGPRTLYF	TRBV31	TRBJ2-3		CALDSNYQLIW	TRAV13-1	TRAJ33	m34	1
CASSSTASQNTLYF	TRBV19	TRBJ2-4		CAVSAAGNTGKLIF	TRAV3D-3	TRAJ37	m34	1
CASRPGSNTEVFF	TRBV15	TRBJ1-1		CAASIPNTNKVVF	TRAV7D-2	TRAJ34	m34	1
CASGVQGRTLYF	TRBV12-2	TRBJ2-3		CAVSRNYGSSGNKLIF	TRAV7-6	TRAJ32	m34	2
CTCSADGGGNTLYF	TRBV1	TRBJ2-4		CAVSLSNAYKVIF	TRAV7-5	TRAJ30	m34	1
CASSFQGISNERLFF	TRBV15	TRBJ1-4		CAVSLSNAYKVIF	TRAV7-5	TRAJ30	m34	1
CASGDGDNSPLYF	TRBV13-2	TRBJ1-6		CAASPGSGGYKVVF	TRAV5D-4	TRAJ12	m34	1
CASGDGDNSPLYF	TRBV13-2	TRBJ1-6		CAVISGSFNKLTF	TRAV7-3	TRAJ4	m34	1
CASSLPSDTFSNERLFF	TRBV16	TRBJ1-4		CAAEGGNYKYVF	TRAV4-4-DV10	TRAJ40	m34	3
CASSLDGNNNQAPLF	TRBV19	TRBJ1-5		CALRKLTGNTGKLIF	TRAV12-3	TRAJ37	m34	14
CTCSAGLGSAETLYI	TRBV1	TRBJ2-3		CAARYTGNYKYVF	TRAV7D-4	TRAJ40	m34	1
CASSLTGDEQYF	TRBV3	TRBJ2-7		CALGYGNEKITF	TRAV6D-6	TRAJ48	m34	1
CASSLGPGRGETLYF	TRBV12-2	TRBJ2-3	TRBD1	CALPPTAANTGTLTF	TRAV13-1	TRAJ52	m34	1
CAWSLGGYEQYF	TRBV31	TRBJ2-7		CAAEGGYGNEKITF	TRAV4-4-DV10	TRAJ48	m34	4
CASGDSGGQNTLYF	TRBV12-2	TRBJ2-4		CALWGHTGNYKYVF	TRAV12-1	TRAJ40	m34	29
CASGDRNQAPLF	TRBV13-3	TRBJ1-5		CAASATGANTGKLTF	TRAV5-4	TRAJ52	m34	1
CGARVRGNTGQLYF	TRBV20	TRBJ2-2		CAADDVGDNSKLIW	TRAV5D-4	TRAJ38	m34	2
CASSLQGASGNTRYF	TRBV4	TRBJ1-3		CVLGERGAALGRLHF	TRAV6-2	TRAJ18	m34	1
CTCSAEDSYYAEQFF	TRBV1	TRBJ2-1		CAAENTGYQNFYF	TRAV4-2	TRAJ49	m34	1
CASSVQDTQYF	TRBV13-1	TRBJ2-5		CAAESGTGGYKVVF	TRAV4D-4	TRAJ12	m34	1
CASSVQDTQYF	TRBV13-1	TRBJ2-5		CVLARPGTGSNRLTF	TRAV6-1	TRAJ28	m34	1
CASSRGPGHSGNTLYF	TRBV17	TRBJ1-3		CAASLGYKLTF	TRAV7D-2	TRAJ9	m34	1
CASSRGPGHSGNTLYF	TRBV17	TRBJ1-3		CAASEHTSGSWQLIF	TRAV7-4	TRAJ22	m34	2
CASSLVGGMNTLYF	TRBV3	TRBJ2-4		CAARPLDSNYQLIW	TRAV5-4	TRAJ33	m34	1
CASSQDWGGKDTQYF	TRBV5	TRBJ2-5	TRBD2	CVLRSSGSWQLIF	TRAV9-2	TRAJ22	m34	1
CGAAGDQDTQYF	TRBV20	TRBJ2-5		CAADYSNNRLTL	TRAV14N-3	TRAJ7	m34	1
CTCSEGGQYEQYF	TRBV1	TRBJ2-7		CAAPQGGTASLGKLQF	TRAV7D-4	TRAJ24	m34	2
CASSDAHRGPYEQYF	TRBV13-1	TRBJ2-7	TRBD1	CAMREKGSNYKLTF	TRAV16	TRAJ53	m34	1
CTCSAVPGQGDTLYF	TRBV1	TRBJ2-4	TRBD1	CVLSSASSGSWQLIF	TRAV9-2	TRAJ22	m34	1
CASSPWDWGVYEQYF	TRBV4	TRBJ2-7	TRBD2	CAAPRHGTNAYKVIF	TRAV7D-2	TRAJ30	m34	1
CASSKTGPSSAETLYF	TRBV12-2	TRBJ2-3		CAAFSGGSNYKLTF	TRAV14-2	TRAJ53	m34	5
CASSQVWGEDTGQLYF	TRBV5	TRBJ2-2		CALGGSSNTNKVVF	TRAV6D-6	TRAJ34	m34	1
CASSLGVEQYF	TRBV15	TRBJ2-7		CAAEGGNEKITF	TRAV4-4-DV10	TRAJ48	m34	1
CASGDRNQAPLF	TRBV13-3	TRBJ1-5		CAASRAGGNNKLTF	TRAV5-4	TRAJ56	m34	8
CASSLGQGAGAETLYF	TRBV26	TRBJ2-3	TRBD1	CAMELTSSGQKLVF	TRAV13N-4	TRAJ16	m34	1
CASSPDWGDEQYF	TRBV16	TRBJ2-7		CVLSMGATGGNNKLTF	TRAV13-5	TRAJ56	m34	1
CASSLGGANTGQLYF	TRBV3	TRBJ2-2		CAPNTNTGKLTF	TRAV13D-2	TRAJ27	m34	2
CASSLPWGTYAEQFF	TRBV12-1	TRBJ2-1		CAALTGGYKVGF	TRAV4D-4	TRAJ12	m34	1
CASSDQGAYTEVFF	TRBV13-1	TRBJ1-1	TRBD1	CAASLTGNTGKLIF	TRAV10D	TRAJ37	m34	1
CGASRDWGYEQYF	TRBV20	TRBJ2-7		CALGASSSFSKLVF	TRAV6-7-DV9	TRAJ50	m34	1
CAWSLGGWDAETLYF	TRBV31	TRBJ2-3	TRBD2	CAANPRGSALGRLHF	TRAV10	TRAJ18	m34	2
CASSQESSYEQYF	TRBV5	TRBJ2-7		CAASATGYQNFYF	TRAV14D-3-DV8	TRAJ49	m34	3
CASSLVQGKSQNTLYF	TRBV3	TRBJ2-4		CAAEGGGSSGNKLIF	TRAV4-3	TRAJ32	m34	1
CTCSFLRDGDTQYF	TRBV1	TRBJ2-5		CIVTDMSSGSWQLIF	TRAV2	TRAJ22	m34	2
CAWSPGQGSGNTLYF	TRBV31	TRBJ1-3	TRBD1	CAMERRLSGSFNKLTF	TRAV13N-4	TRAJ4	m34	5
CASGDAPSSAETLYF	TRBV12-2	TRBJ2-3		CAMREGTGYQNFYF	TRAV16N	TRAJ49	m34	1
CASGDAPSSAETLYF	TRBV12-2	TRBJ2-3		CAFSNTNKVVF	TRAV13-1	TRAJ34	m34	1
CGANRGQADTLYV	TRBV20	TRBJ2-3	TRBD1	CAASLITGNTGKLIF	TRAV7D-2	TRAJ37	m34	1
CTCSAVQDNNQAPLF	TRBV1	TRBJ1-5		CAIEGNYQLIW	TRAV13D-2	TRAJ33	m34	3
CASSGRQITGQLYF	TRBV3	TRBJ2-2		CALMGGYNKLTF	TRAV12-2	TRAJ11	m34	1
CASSLTANTGQLYF	TRBV16	TRBJ2-2		CAASRTGGYKVVF	TRAV7D-2	TRAJ12	m34	1
CASSQGWGRTGQLYF	TRBV5	TRBJ2-2		CAVSIYGNEKITF	TRAV7D-5	TRAJ48	m34	1
CASSLTGASQNTLYF	TRBV26	TRBJ2-4		CALTPTGNTGKLIF	TRAV6-5	TRAJ37	m34	4
CASSELGGNYAEQFF	TRBV13-1	TRBJ2-1		CALADTNAYKVIF	TRAV12D-1	TRAJ30	m34	7
CTCSADGGNTLYF	TRBV1	TRBJ2-4		CALGDYANKMIF	TRAV6N-7	TRAJ47	m34	5
CASSRTGSSYEQYF	TRBV3	TRBJ2-7		CATVTEGADRLTF	TRAV8D-2	TRAJ45	m34	2
CASSLGGQNTLYF	TRBV2	TRBJ2-4		CATDKGTNTGKLTF	TRAV8D-2	TRAJ27	m34	3
CGANRGLAETLYF	TRBV20	TRBJ2-3		CAASLITGNTGKLIF	TRAV7D-2	TRAJ37	m34	4
CASSQDRGTGGYEQYF	TRBV2	TRBJ2-7		CAASLDRGSALGRLHF	TRAV10	TRAJ18	m34	1
CSSSHRGRAEQFF	TRBV23	TRBJ2-1	TRBD1	CAAEAGNYQLIW	TRAV4-4-DV10	TRAJ33	m34	2
CASSDATGSNTEVFF	TRBV13-1	TRBJ1-1		CALSEPGYQNFYF	TRAV12-2	TRAJ49	m34	2
CASSILGTEVFF	TRBV19	TRBJ1-1		CAATGTGGYKVVF	TRAV5D-4	TRAJ12	m34	1
CGARDRGLNSPLYF	TRBV20	TRBJ1-6	TRBD1	CAAEDSNYQLIW	TRAV4D-4	TRAJ33	m34	1
CASSLTFNQDTQYF	TRBV15	TRBJ2-5		CAPLSSGSWQLIF	TRAV8-1	TRAJ22	m34	2
CASSQDNSQAPLF	TRBV2	TRBJ1-5		CAASAWGSNYQLIW	TRAV10	TRAJ33	m34	1
CASSPLGGGDTQYF	TRBV5	TRBJ2-5		CAVRPIASSSFSKLVF	TRAV7-5	TRAJ50	m34	2
CASSYGLGGRSYEQYF	TRBV4	TRBJ2-7	TRBD2	CACIASSSFSKLVF	TRAV13-2	TRAJ50	m34	1
CAWSPLGDGAETLYF	TRBV31	TRBJ2-3		CAPHYGSSGNKLIF	TRAV13D-2	TRAJ32	m34	4
CASSHRDWGEDTLYF	TRBV13-1	TRBJ2-4		CAVRNYNQGKLIF	TRAV9-1	TRAJ23	m34	1
CASSDWQNQDTQYF	TRBV13-1	TRBJ2-5		CIVTDTNAYKVIF	TRAV2	TRAJ30	m34	1
CASSLGDRGGTLYF	TRBV29	TRBJ2-4		CAPQSSNTNKVVF	TRAV7D-3	TRAJ34	m34	1
CASGDARNERLFF	TRBV12-2	TRBJ1-4		CAASEYYNVLYF	TRAV7-4	TRAJ21	m34	1
CASSLPGQGDERLFF	TRBV15	TRBJ1-4	TRBD1	CALSAGGNNKLTF	TRAV12-3	TRAJ56	m34	6
CGARDPTGGYNSPLYF	TRBV20	TRBJ1-6	TRBD1	CAASEGNYGNEKITF	TRAV14-2	TRAJ48	m34	1
CASSGLGVYEQYF	TRBV13-3	TRBJ2-7		CAAGANTGANTGKLTF	TRAV4D-4	TRAJ52	m34	1
CASSFTGGAPENTLYF	TRBV4	TRBJ2-4	TRBD2	CAAGANTGANTGKLTF	TRAV4D-4	TRAJ52	m34	1
CASSDRVSGNTLYF	TRBV3	TRBJ1-3		CAMREDQGGSAKLIF	TRAV16	TRAJ57	m34	1
CASSMYWGGAGTGQLYF	TRBV19	TRBJ2-2	TRBD2	CALSGLASSSFSKLVF	TRAV6-7-DV9	TRAJ50	m34	2
CASSLAQGANTEVFF	TRBV15	TRBJ1-1	TRBD1	CALKANYNVLYF	TRAV12-3	TRAJ21	m34	5
CASGDPGGPDTQYF	TRBV12-2	TRBJ2-5		CAASFNSGGSNAKLTF	TRAV14D-1	TRAJ42	m34	1
CARGRGNERLFF	TRBV4	TRBJ1-4	TRBD1	CAAEDSNNRIFF	TRAV4D-4	TRAJ31	m34	1
CASSPWGGGGEQYF	TRBV5	TRBJ2-7	TRBD2	CANSNYQLIW	TRAV13D-2	TRAJ33	m34	1
CASSQDHQGVYNSPLYF	TRBV5	TRBJ1-6		CAVSMGGSSGNKLIF	TRAV7-3	TRAJ32	m34	1
CASSQDLGWGTGQLYF	TRBV5	TRBJ2-2		CAMRDRGNAGAKLTF	TRAV6-3	TRAJ39	m34	6
CASGWTGSSQNTLYF	TRBV13-2	TRBJ2-4		CALSDPYQGGRALIF	TRAV12D-3	TRAJ15	m34	3
CASSLGAGNTGQLYF	TRBV3	TRBJ2-2		CATHNYAQGLTF	TRAV13D-2	TRAJ26	m34	1
CASSLDWGPYEQYF	TRBV19	TRBJ2-7		CALGGRNNNNAPRF	TRAV6D-6	TRAJ43	m34	2
CGAQTSNERLFF	TRBV20	TRBJ1-4		CAVSEDYNQGKLIF	TRAV3D-3	TRAJ23	m34	1
CGAQTSNERLFF	TRBV20	TRBJ1-4		CALSDADYSNNRLTL	TRAV6-5	TRAJ7	m34	1
CASSLLGGLAEQFF	TRBV3	TRBJ2-1		CASNTEGADRLTF	TRAV8N-2	TRAJ45	m34	2
CASSLPGGAIQNTLYF	TRBV12-1	TRBJ2-4		CALAHAQGLTF	TRAV6N-7	TRAJ26	m34	1
CAWSLRLGVNQDTQYF	TRBV31	TRBJ2-5		CAAEDVGDNSKLIW	TRAV4-4-DV10	TRAJ38	m34	2
CASSFMGEGNTLYF	TRBV16	TRBJ2-4		CALGRYANKMIF	TRAV6D-6	TRAJ47	m34	1
CASSFSPNERLFF	TRBV14	TRBJ1-4		CVLSTGPEGADRLTF	TRAV13-5	TRAJ45	m34	2
CGARDSDWGDEQYF	TRBV20	TRBJ2-7		CAASDTGANTGKLTF	TRAV14-3	TRAJ52	m34	3
CASSRDWGSAETLYF	TRBV16	TRBJ2-3		CAAEDPNSGTYQRF	TRAV4D-4	TRAJ13	m34	1
CASSIAQGANTEVFF	TRBV19	TRBJ1-1		CALLTGGNNKLTF	TRAV12D-3	TRAJ56	m34	1
CASSLRWGYAEQFF	TRBV26	TRBJ2-1		CALGSPSNTNKVVF	TRAV6N-7	TRAJ34	m34	2
CASSSDTNQAPLF	TRBV15	TRBJ1-5		CAASNYNQGKLIF	TRAV7-4	TRAJ23	m34	1
CASSGTSNTEVFF	TRBV13-1	TRBJ1-1		CAASNNYAQGLTF	TRAV7D-2	TRAJ26	m34	2
CASSLQIQDTQYF	TRBV4	TRBJ2-5		CAASAHSNNRLTL	TRAV14D-3-DV8	TRAJ7	m34	1
CASSQGTDYAEQFF	TRBV5	TRBJ2-1		CALKRGSALGRLHF	TRAV12-1	TRAJ18	m34	3
CASSPDRANTLYF	TRBV14	TRBJ2-4		CALRHDTNAYKVIF	TRAV12D-2	TRAJ30	m34	2
CASGVTGGYGDTQYF	TRBV12-2	TRBJ2-5		CALGDRYGSSGNKLIF	TRAV6D-6	TRAJ32	m34	3
CASRGNTGQLYF	TRBV13-1	TRBJ2-2		CVLSLTNSAGNKLTF	TRAV9-2	TRAJ17	m34	2
CAWSLHWGDYEQYF	TRBV31	TRBJ2-7		CAMSPNSGGSNAKLTF	TRAV16	TRAJ42	m34	1
CASSPQGYNNQAPLF	TRBV29	TRBJ1-5		CVAFNNAGAKLTF	TRAV12-2	TRAJ39	m34	1
CASGDVGLLSYEQYF	TRBV13-2	TRBJ2-7		CALLYTGNYKYVF	TRAV6N-7	TRAJ40	m34	4
CASSQDLGTGTYNSPLYF	TRBV5	TRBJ1-6	TRBD1	CAVSVNNRIFF	TRAV3-3	TRAJ31	m34	1
CGARNWENTLYF	TRBV20	TRBJ2-4		CAASAGSNNRIFF	TRAV14D-2	TRAJ31	m34	1
CGARAGTGGYEQYF	TRBV20	TRBJ2-7		CAAEAESNNRIFF	TRAV4D-4	TRAJ31	m34	1
CGARAGTGGYEQYF	TRBV20	TRBJ2-7		CAATRGSSGNKLIF	TRAV4D-4	TRAJ32	m34	2
CASSRGSTEVFF	TRBV12-1	TRBJ1-1		CAAAITGNTGKLIF	TRAV4-4-DV10	TRAJ37	m34	1
CASSLGGQNTLYF	TRBV26	TRBJ2-4		CAVEPNYNVLYF	TRAV4-2	TRAJ21	m34	1
CTCSGRDRSQNTLYF	TRBV1	TRBJ2-4		CAVSARAGANTGKLTF	TRAV9-4	TRAJ52	m34	2
CASGGPGIAETLYF	TRBV13-2	TRBJ2-3		CAAEASSGSWQLIF	TRAV4D-4	TRAJ22	m34	3
CASSLAGVTQYF	TRBV26	TRBJ2-5		CAMRENNSGGSNAKLTF	TRAV16	TRAJ42	m34	1
CASSLFHLSGNTLYF	TRBV26	TRBJ1-3		CALSANNNNAPRF	TRAV12D-2	TRAJ43	m34	4
CASRSTGIERLFF	TRBV14	TRBJ1-4		CAMSDSSGSWQLIF	TRAV6D-3	TRAJ22	m34	1
CASSPDIYAEQFF	TRBV4	TRBJ2-1		CAAGASSGSWQLIF	TRAV4D-4	TRAJ22	m34	4
CAWTAGSNERLFF	TRBV31	TRBJ1-4		CAAEADNNNAPRF	TRAV4-4-DV10	TRAJ43	m34	4
CASSLGHQDTQYF	TRBV26	TRBJ2-5		CAALNVGDNSKLIW	TRAV4-4-DV10	TRAJ38	m34	6
CASSQDLGQGRAETLYF	TRBV5	TRBJ2-3	TRBD1	CALSNYNQGKLIF	TRAV6D-4	TRAJ23	m34	1
CASSPNERLFF	TRBV4	TRBJ1-4		CAAEAGTGGYKVVF	TRAV4D-4	TRAJ12	m34	1
CASSPGTSNERLFF	TRBV2	TRBJ1-4		CAAEKGNAGAKLTF	TRAV4-4-DV10	TRAJ39	m34	1
CGARPRGNSDYTF	TRBV20	TRBJ1-2		CARSNNRIFF	TRAV13N-4	TRAJ31	m34	1
CTCSAVGDRGNERLFF	TRBV1	TRBJ1-4	TRBD1	CAATSSSFSKLVF	TRAV7-6	TRAJ50	m34	5
CASGDVGGYEQYF	TRBV12-2	TRBJ2-7		CVVGHNTNTGKLTF	TRAV11	TRAJ27	m34	2
CAWSRDWGGEQYF	TRBV31	TRBJ2-7	TRBD2	CALSGVQQGTGSKLSF	TRAV6-7-DV9	TRAJ58	m34	2
CASSRGNNQAPLF	TRBV12-1	TRBJ1-5		CAVLFF	TRAV7N-6	TRAJ31	m34	1
CASSRGNNQAPLF	TRBV12-1	TRBJ1-5		CALERSNNRIFF	TRAV13-1	TRAJ31	m34	1
CASSIGDWGAGDTQYF	TRBV19	TRBJ2-5	TRBD2	CALDRLTF	TRAV6-7-DV9	TRAJ45	m34	4
CASSDGGTAETLYF	TRBV13-1	TRBJ2-3		CASNTNKGVF	TRAV8-1	TRAJ34	m34	1
CASGDAWVSNERLFF	TRBV13-2	TRBJ1-4		CAPRGSSGNKLIF	TRAV13D-2	TRAJ32	m34	1
CASGAPGGTGNTLYF	TRBV13-2	TRBJ1-3		CALRGNYGNEKITF	TRAV6-7-DV9	TRAJ48	m34	1
CASRAGGVDKNTLYF	TRBV13-1	TRBJ2-4	TRBD2	CAVSAGNMGYKLTF	TRAV3D-3	TRAJ9	m34	1
CASSYYYNSPLYF	TRBV4	TRBJ1-6		CAASKDYNQGKLIF	TRAV7-4	TRAJ23	m34	1
CASSLLGGAETLYF	TRBV29	TRBJ2-3		CAASESITGNTAKLIF	TRAV7-4	TRAJ37	m34	1
CASSRGNSDYTF	TRBV26	TRBJ1-2		CAVGYTGNYKYVF	TRAV7-6	TRAJ40	m34	1
CASSSLGNQDTQYF	TRBV4	TRBJ2-5		CAANSAGNKLTF	TRAV14N-3	TRAJ17	m34	1
CASRDIYNSPLYF	TRBV13-3	TRBJ1-6		CALSDEGNNRIFF	TRAV12D-3	TRAJ31	m34	1
CASSPGARAEQFF	TRBV26	TRBJ2-1		CVWPSSGSWQLIF	TRAV9-2	TRAJ22	m34	2
CASSEIGGPSGNTLYF	TRBV13-3	TRBJ1-3	TRBD1	CAASMGTGGLSGKLTF	TRAV7D-2	TRAJ2	m34	2
CASSLRVAETLYF	TRBV4	TRBJ2-3		CALSMGTGGYKVVF	TRAV9N-4	TRAJ12	m34	2
CASSEMGLSYEQYF	TRBV13-3	TRBJ2-7		CILRVGRATGGNNKLTF	TRAV21-DV12	TRAJ56	m34	1
CASLRGDYAEQFF	TRBV26	TRBJ2-1		CAASSGSWQLIF	TRAV14-2	TRAJ22	m34	1
CASSLGGANTGQLYF	TRBV3	TRBJ2-2		CAVSNTGNYKYVF	TRAV7D-3	TRAJ40	m34	1
CASSGPGFSNERLFF	TRBV13-3	TRBJ1-4		CAASMNSNNRIFF	TRAV10N	TRAJ31	m34	1
CASSLAHGAGQNTLYF	TRBV3	TRBJ2-4		CALNEKITF	TRAV6-2	TRAJ48	m34	3
CASSLLSNSDYTF	TRBV12-1	TRBJ1-2		CAIERGSALGRLHF	TRAV13D-2	TRAJ18	m34	1
CASGDSGGQNTLYF	TRBV12-2	TRBJ2-4		CAASSMGYKLTF	TRAV10N	TRAJ9	m34	1
CASRTGSSAETLYF	TRBV15	TRBJ2-3		CAARTGGYKVGF	TRAV4D-4	TRAJ12	m34	1
CASRTGSSAETLYF	TRBV15	TRBJ2-3		CAASIQGGRALIF	TRAV7D-2	TRAJ15	m34	2
CASGDWGSGETLYF	TRBV13-2	TRBJ2-3		CAVSSELNSGGSNAKLTF	TRAV7-5	TRAJ42	m34	1
CASGDWGSGETLYF	TRBV13-2	TRBJ2-3		CAVTGGSNAKLTF	TRAV7-5	TRAJ42	m34	1
CASSSWDWGDEQYF	TRBV17	TRBJ2-7		CALSGGRGSALGRLHF	TRAV6-7-DV9	TRAJ18	m34	2
CASSQAGNSDYTF	TRBV5	TRBJ1-2		CALERGDSNYQLIW	TRAV13-1	TRAJ33	m34	1
CASSLNSDYTF	TRBV26	TRBJ1-2		CALSDRNSNNRIFF	TRAV12-1	TRAJ31	m34	3
CASSDGQGQNTLYF	TRBV13-3	TRBJ2-4		CAVRGSALGRLHF	TRAV3D-3	TRAJ18	m34	1
CASSRDFYEQYF	TRBV4	TRBJ2-7		CALEPGEGADRLTF	TRAV13-1	TRAJ45	m34	2
CASSELGVQDTQYF	TRBV13-1	TRBJ2-5		CAARASSGSWQLIF	TRAV7D-2	TRAJ22	m34	1
CASSLEVTQDTQYF	TRBV12-1	TRBJ2-5		CAASATGANTGKLTF	TRAV5-4	TRAJ52	m34	4
CASSMGNNYAEQFF	TRBV15	TRBJ2-1		CALGDQSSNNRIFF	TRAV6D-6	TRAJ31	m34	1
CASGPHTGTSGNTRYF	TRBV12-2	TRBJ1-3		CAARNYNQGKLIF	TRAV7D-2	TRAJ23	m34	1
CASGWTGGEGEQYF	TRBV12-2	TRBJ2-7	TRBD2	CALSDQAGNTGKLIF	TRAV6-7-DV9	TRAJ37	m34	1
CASGVTGGYGDTQYF	TRBV13-2	TRBJ2-5		CALGDRYGSSGNKLIF	TRAV6D-6	TRAJ32	m34	3
CASSSRGRDTQYF	TRBV3	TRBJ2-5		CATDPTNAYKVIF	TRAV8-1	TRAJ30	m34	1
CASRTSAETLYF	TRBV13-1	TRBJ2-3		CAPYNNNAPRF	TRAV4-2	TRAJ43	m34	1
CASSLEANSDYTF	TRBV3	TRBJ1-2		CAPVNTGNYKYVF	TRAV12-2	TRAJ40	m34	1
CASSLNTEVFF	TRBV12-1	TRBJ1-1		CAVSAMNYNQGKLIF	TRAV3D-3	TRAJ23	m34	1
CASGPGQGSAEQFF	TRBV12-2	TRBJ2-1	TRBD1	CAVSAAGNTGKLIF	TRAV9-1	TRAJ37	m34	1
CASLRGDYAEQFF	TRBV26	TRBJ2-1		CAAEDGTNAYKVIF	TRAV4-4-DV10	TRAJ30	m34	1
CASSQETFAETLYF	TRBV2	TRBJ2-3		CALSKGSSGNKLIF	TRAV12-2	TRAJ32	m34	1
CASRDWGGASQNTLYF	TRBV29	TRBJ2-4	TRBD2	CAIDSNYQLIW	TRAV13D-2	TRAJ33	m34	1
CTCSPRTGGNYAEQFF	TRBV1	TRBJ2-1	TRBD1	CATDAPGSGGKLTL	TRAV8-1	TRAJ44	m34	1
CTCSHRVTEVFF	TRBV1	TRBJ1-1		CAASGNQGGSAKLIF	TRAV14N-3	TRAJ57	m34	1
CASSQDRQDTQYF	TRBV5	TRBJ2-5		CALADSNYQLIW	TRAV13-1	TRAJ33	m34	1
CASGDSGGQNTLYF	TRBV12-2	TRBJ2-4	TRBD2	CALWGHTGNYKYVF	TRAV12-1	TRAJ40	m34	29
CASSSGSEQFF	TRBV15	TRBJ2-1		CAFRYGSSGNKLIF	TRAV12D-2	TRAJ32	m34	1
CTCSAQGTNTGQLYF	TRBV1	TRBJ2-2	TRBD1	CAMWGGSGGKLTL	TRAV13N-3	TRAJ44	m34	1
CASSPDRNTGQLYF	TRBV19	TRBJ2-2		CALSDGSNYQLIW	TRAV12-3	TRAJ33	m34	2
CASSTGASQNTLYF	TRBV12-2	TRBJ2-4		CALKGNTGANTGKLTF	TRAV12D-3	TRAJ52	m34	1
CASSQGQLFNTGQLYF	TRBV5	TRBJ2-2		CAVSAGTNAYKVIF	TRAV3D-3	TRAJ30	m34	1
CTCRGDSHYEQYF	TRBV1	TRBJ2-7		CALVDYGNEKITF	TRAV6-4	TRAJ48	m34	3
CASSLTGGGEQYF	TRBV15	TRBJ2-7	TRBD2	CILRSLNTGANTGKLTF	TRAV21-DV12	TRAJ52	m34	2
CASSLTGGGEQYF	TRBV15	TRBJ2-7	TRBD2	CILNQGGSAKLIF	TRAV21-DV12	TRAJ57	m34	2
CASGDPYSQNTLYF	TRBV12-2	TRBJ2-4		CALTTASLGKLQF	TRAV13N-1	TRAJ24	m34	1
CASSLWTGGYNYAEQFF	TRBV12-1	TRBJ2-1		CAMREGHYGNEKITF	TRAV16	TRAJ48	m34	2
CAWSPGLGGAEQFF	TRBV31	TRBJ2-1		CALSERRGSSGNKLIF	TRAV6N-6	TRAJ32	m34	3
CASSLDLGSSAETLYF	TRBV16	TRBJ2-3		CAMRDRLGSSGNKLIF	TRAV6-3	TRAJ32	m34	3
CASSDEGAAPLF	TRBV13-1	TRBJ1-5		CALERDNTNKVVF	TRAV13-1	TRAJ34	m34	3
CASSQVSGTGGPGQLYF	TRBV5	TRBJ2-2	TRBD2	CALGSASSGSWQLIF	TRAV6D-6	TRAJ22	m34	1
CSSSQEDRGDTQYF	TRBV23	TRBJ2-5		CAVRDTNAYKVIF	TRAV7-6	TRAJ30	m34	1
CASSDYYEQYF	TRBV13-1	TRBJ2-7		CVPSNTNKVVF	TRAV6N-7	TRAJ34	m34	1
CASSDYYEQYF	TRBV13-1	TRBJ2-7		CAAIDQSNYQLIW	TRAV10	TRAJ33	m34	1
CASSEYSNTGQLYF	TRBV13-1	TRBJ2-2		CAAEDRGSALGRLHF	TRAV4-4-DV10	TRAJ18	m34	1
CASSGGNQDTQYF	TRBV19	TRBJ2-5		CATDETGGYKVVF	TRAV8D-2	TRAJ12	m34	2
CASSNRVQNTLYF	TRBV13-3	TRBJ2-4		CALSLSNSNNRIFF	TRAV6-7-DV9	TRAJ31	m34	2
CASSHVQNQDPKFL	TRBV2	TRBJ2-5		CALSANSAGNKLTF	TRAV12D-1	TRAJ17	m34	1
CASSPWGVAETLYF	TRBV29	TRBJ2-3		CAASESTNAYKVIF	TRAV7-4	TRAJ30	m34	1
CASSLDGMYF	TRBV15	TRBJ2-7		CAASESTNAYKVIF	TRAV7-4	TRAJ30	m34	1
CGARVTLSAETLYF	TRBV20	TRBJ2-3		CAAWNYNQGKLIF	TRAV4D-4	TRAJ23	m34	1
CASSQRTNQDTQYF	TRBV5	TRBJ2-5		CAASAIGGGSAKLIF	TRAV14D-1	TRAJ57	m34	1
CASSLWGQEYEQYF	TRBV16	TRBJ2-7		CAASRRTGGYKVVF	TRAV7D-2	TRAJ12	m34	1
CASGPLLGGRWQDTQYF	TRBV13-2	TRBJ2-5	TRBD2	CALWGHTGNYKYVF	TRAV12-1	TRAJ40	m34	1
CGARQGHTEVFF	TRBV20	TRBJ1-1		CALWDQGGRALIF	TRAV12D-3	TRAJ15	m34	3
CASSLERNTEVFF	TRBV12-2	TRBJ1-1		CVLSARNNYAQGLTF	TRAV9-2	TRAJ26	m34	1
CASGEGTGGNTGQLYF	TRBV13-2	TRBJ2-2	TRBD1	CAALNSNNRIFF	TRAV14D-3-DV8	TRAJ31	m34	3
CAWTTQGLQDTQYF	TRBV31	TRBJ2-5		CATDPGNTGKLIF	TRAV8N-2	TRAJ37	m34	1
CAWSPTGGNQAPLF	TRBV31	TRBJ1-5	TRBD1	CAASMDNSAGNKLTF	TRAV7D-2	TRAJ17	m34	2
CASGDVGGYEQYF	TRBV12-2	TRBJ2-7		CAANRGSALGRLHF	TRAV5D-4	TRAJ18	m34	3
CASSPTGGWRGDSAETLYF	TRBV5	TRBJ2-3	TRBD1	CAAEATGNYKYVF	TRAV4D-4	TRAJ40	m34	5
CASSSWTNQDTQYF	TRBV29	TRBJ2-5		CAAEATGNYKYVF	TRAV4D-4	TRAJ40	m34	1
CTCSADWGEDTQYF	TRBV1	TRBJ2-5		CALVDPSSSFSKLVF	TRAV6-4	TRAJ50	m34	1
CASSGQGAGNTLYF	TRBV19	TRBJ1-3	TRBD1	CAVELSGSFNKLTF	TRAV7D-3	TRAJ4	m34	3
CASSYTGGNQDTQYF	TRBV4	TRBJ2-5		CAVELSGSFNKLTF	TRAV7D-3	TRAJ4	m34	1
CASSQAGNYAEQFF	TRBV2	TRBJ2-1		CAMRGDSNYQLIW	TRAV6D-3	TRAJ33	m34	1
CTCSARTGGTERLFL	TRBV1	TRBJ1-4	TRBD1	CAALLSGSFNKLTF	TRAV4D-3	TRAJ4	m34	1
CASSDEGWSERLFF	TRBV13-1	TRBJ1-4		CAASETQVVGQLTF	TRAV7D-2	TRAJ5	m34	1
CASSLAAWGGGAETLYF	TRBV15	TRBJ2-3	TRBD2	CAASMTGGYKVVF	TRAV10	TRAJ12	m34	1
CGASYSLSNERLFF	TRBV20	TRBJ1-4		CAASAGTNTGKLTC	TRAV10	TRAJ27	m34	1
CASSGARGAETLYF	TRBV13-1	TRBJ2-3		CAARRYGSSGNKLIF	TRAV7D-2	TRAJ32	m34	3
CASSLFHLSGNTLYF	TRBV26	TRBJ1-3		CALGDSGGSNAKLTF	TRAV6D-6	TRAJ42	m34	2
CASSDLGGRGQDTQYF	TRBV13-1	TRBJ2-5	TRBD2	CAADGGSNAKLTF	TRAV4-4-DV10	TRAJ42	m34	1
CASSLKGGSTEVFF	TRBV3	TRBJ1-1		CALSDVGDNSKLIW	TRAV6-7-DV9	TRAJ38	m34	1
CTCSVWGGFAETLYF	TRBV1	TRBJ2-3	TRBD2	CALGNTGYQNFYF	TRAV6N-5	TRAJ49	m34	1
CASSLGGSNTGQLYF	TRBV19	TRBJ2-2		CAVSMGGGYKVVF	TRAV7N-6	TRAJ12	m34	1
CASSLDRGGERLFF	TRBV3	TRBJ1-4		CAAVAGNTGKLIF	TRAV5-4	TRAJ37	m34	1
CASSQPGQGSSYEQYF	TRBV5	TRBJ2-7	TRBD1	CALGNYNVLYF	TRAV6D-6	TRAJ21	m34	1
CASSLETGTEVFF	TRBV12-1	TRBJ1-1		CAMREVRGSALGRLHF	TRAV16N	TRAJ18	m34	1
CASSYRGLEQYF	TRBV29	TRBJ2-7	TRBD1	CAMERGSGGSNYKLTF	TRAV13-4-DV7	TRAJ53	m34	1
CASSPGHANERLFF	TRBV19	TRBJ1-4		CAPINSNNRIFF	TRAV13-1	TRAJ31	m34	1
CASSPGTGAISNERLFF	TRBV14	TRBJ1-4	TRBD1	CAVSWTGGLSGKLTF	TRAV7D-5	TRAJ2	m34	2
CASSLSGTDYEQYF	TRBV3	TRBJ2-7		CALSSGSWQLIF	TRAV8-1	TRAJ22	m34	1
CASSLEPGANTEVFF	TRBV16	TRBJ1-1		CALSVTEGADRLTF	TRAV12-1	TRAJ45	m34	1
CASRSTGIERLFF	TRBV14	TRBJ1-4		CAVRYYGNEKITF	TRAV7-3	TRAJ48	m34	3
CASSLGGSYEQYF	TRBV15	TRBJ2-7		CAMSAGSFNKLTF	TRAV6D-3	TRAJ4	m34	1
CAALGTLNTEVFF	TRBV12-1	TRBJ1-1		CAAEAGSNYQLIW	TRAV4D-4	TRAJ33	m34	1
CASSWGGYEQYF	TRBV3	TRBJ2-7		CALSPASLGKLQF	TRAV12-1	TRAJ24	m34	1
CTCSADPDWGYF	TRBV1	TRBJ2-3		CAAMATGGNNKLTF	TRAV14-3	TRAJ56	m34	1
CSSSQSSQRSYEQYF	TRBV23	TRBJ2-7		CALDPSSSFSKLVF	TRAV13-1	TRAJ50	m34	3
CARGDSVGQNTLYF	TRBV12-2	TRBJ2-4		CAAAITGNTGKLIF	TRAV4-4-DV10	TRAJ37	m34	1
CASSPNYAEQFF	TRBV29	TRBJ2-1		CAASVTGSGGKLTL	TRAV7D-2	TRAJ44	m34	2
CASSDAKTGGSSYEQYF	TRBV13-1	TRBJ2-7	TRBD1	CAIDYMNYNQGKLIF	TRAV13-2	TRAJ23	m34	2
CASSTDSGNTLYF	TRBV19	TRBJ1-3		CAIDSGSWQLIF	TRAV13D-2	TRAJ22	m34	1
CASSLDWGSQDTQYF	TRBV14	TRBJ2-5	TRBD2	CAFNTGNYKYVF	TRAV13-1	TRAJ40	m34	1
CASSPSGNQNTLYF	TRBV12-1	TRBJ2-4		CAVSMGDSGTYQRI	TRAV7N-4	TRAJ13	m34	1
CASSSRGYNERLFF	TRBV29	TRBJ1-4		CARASSSFSKLVF	TRAV6D-6	TRAJ50	m34	2
CASSPGAQGTQYF	TRBV12-2	TRBJ2-5		CALERGNSNNRIFF	TRAV13-1	TRAJ31	m34	1
CTCSADSYEQYF	TRBV1	TRBJ2-7		CAARASSGSWQLIF	TRAV14D-2	TRAJ22	m34	1
CASGESGTLNTEVFF	TRBV13-2	TRBJ1-1		CVNMGYKLTF	TRAV6-1	TRAJ9	m34	1
CASSSYRGGQNTLYF	TRBV4	TRBJ2-4		CALSAGTGNYKYVF	TRAV12-3	TRAJ40	m34	1
CAWSLGTANTEVFF	TRBV31	TRBJ1-1		CAMRDSGGSNAKLTF	TRAV6-3	TRAJ42	m34	2
CASSSGPGNTLYF	TRBV3	TRBJ1-3		CAATNTNTGKLTF	TRAV14N-3	TRAJ27	m34	3
CASSLQANTEVFF	TRBV15	TRBJ1-1		CALSGGNAPRF	TRAV6N-6	TRAJ43	m34	1
CASGDAGRANQAPLF	TRBV13-2	TRBJ1-5		CAAEETGANTGKLTF	TRAV19	TRAJ52	m34	1
CASSLDWGSLSYEQYF	TRBV12-1	TRBJ2-7		CATGANTGKLTF	TRAV6D-6	TRAJ52	m34	1
CASSSGLGRAETLYF	TRBV3	TRBJ2-3	TRBD2	CAARNNNNAPRF	TRAV4-4-DV10	TRAJ43	m34	2
CASSDAGRTSAETLYF	TRBV13-3	TRBJ2-3		CAARTGGNNKLTF	TRAV10D	TRAJ56	m34	2
CASSQTGSTGQLYF	TRBV3	TRBJ2-2	TRBD1	CALSLHGGSNYKLTF	TRAV12-2	TRAJ53	m34	1
CASGDADWGSSYEQYF	TRBV13-2	TRBJ2-7	TRBD2	CAMELGGNYKYVF	TRAV13-4-DV7	TRAJ40	m34	1
CASGDADWGSSYEQYF	TRBV13-2	TRBJ2-7	TRBD2	CAMRDQNYSNNRLTL	TRAV6-3	TRAJ7	m34	1
CASSQDRAGNTLYF	TRBV2	TRBJ1-3		CVLSAWNYGSSGNKLIF	TRAV9-2	TRAJ32	m34	2
CASSFRGRGYEQYF	TRBV3	TRBJ2-7		CALGNSNNRIFF	TRAV6D-6	TRAJ31	m34	1
CASSFRDTQYF	TRBV3	TRBJ2-5		CAAEESSGSWQLIF	TRAV4-3	TRAJ22	m34	2
CASSPDNSQNTLYF	TRBV5	TRBJ2-4		CAASEPMNTEGADRLTF	TRAV7-4	TRAJ45	m34	2
CASSLGGGGAETLYF	TRBV12-1	TRBJ2-3		CAMREVRGSALGRLHF	TRAV16N	TRAJ18	m34	2
CASSIMQSYNSPLYF	TRBV19	TRBJ1-6		CALGESAGNKLTF	TRAV6N-7	TRAJ17	m34	2
CASGEGTGGNTGQLYF	TRBV13-2	TRBJ2-2	TRBD1	CAASVNSNNRIFF	TRAV14D-3-DV8	TRAJ31	m34	1
CASSWGRGNQAPLF	TRBV4	TRBJ1-5		CALSAPNTGNYKYVF	TRAV6-7-DV9	TRAJ40	m34	1
CTCSADIYNSPLYF	TRBV1	TRBJ1-6		CAMRMSNYNVLYF	TRAV16D-DV11	TRAJ21	m34	1
CASSRDRGNTEVFF	TRBV3	TRBJ1-1	TRBD1	CALRNSNNRIFF	TRAV6-5	TRAJ31	m34	1
CASSDADSSYEQYF	TRBV13-3	TRBJ2-7		CAMELGGNYKYVL	TRAV13-4-DV7	TRAJ40	m34	1
CTCSAGGSSYEQYF	TRBV1	TRBJ2-7		CALSDGGFASALTF	TRAV12-2	TRAJ35	m34	1
CASSSQGGSTGQLYF	TRBV4	TRBJ2-2		CATAAGNTGKLIF	TRAV8N-2	TRAJ37	m34	1
CASSDWGDEQYF	TRBV13-1	TRBJ2-7		CAARTNTAGAKLTF	TRAV5-1	TRAJ39	m34	1
CASSLNTGQLYF	TRBV3	TRBJ2-2		CAVSATSSGQKLVF	TRAV3D-3	TRAJ16	m34	1
CASSQGTDYAEQFF	TRBV5	TRBJ2-1		CALGVYAQGLTF	TRAV6D-6	TRAJ26	m34	3
CASSKGRITEVFF	TRBV19	TRBJ1-1		CATDLNYNQGKLIF	TRAV8D-2	TRAJ23	m34	1
CASSRLEGNTLYF	TRBV15	TRBJ2-4		CAASGNSNNRIFF	TRAV14D-1	TRAJ31	m34	1
CASSRLEGNTLYF	TRBV15	TRBJ2-4		CAARVNYGSSGNKLIF	TRAV7D-2	TRAJ32	m34	1
CAWSRRGSNERLFF	TRBV31	TRBJ1-4		CAASPITGNTGKLIF	TRAV7-4	TRAJ37	m34	2
CASGELGGRAETLYF	TRBV13-2	TRBJ2-3	TRBD2	CAARTGGYKVVF	TRAV4D-4	TRAJ12	m34	5
CASSPPRGGSDYTF	TRBV2	TRBJ1-2		CAASAQQGTGSKLSF	TRAV14-2	TRAJ58	m34	1
CASSLEGLSNERLFF	TRBV3	TRBJ1-4		CAVGTGGYKVVF	TRAV3D-3	TRAJ12	m34	3
CASGEGTGGNTGHLYF	TRBV12-2	TRBJ2-2	TRBD1	CAALNSNNRIFF	TRAV14D-3-DV8	TRAJ31	m34	1
CASSLIAQAPLF	TRBV26	TRBJ1-5		CALGDLSYNQGKLIF	TRAV6N-5	TRAJ23	m34	2
CASSLRTYANSDYTF	TRBV4	TRBJ1-2		CSASRGTGGYKVVF	TRAV5-1	TRAJ12	m34	1
CASSLRTYANSDYTF	TRBV4	TRBJ1-2		CAPYQGGRALIF	TRAV7N-6	TRAJ15	m34	1
CASILQGSGNTLYF	TRBV19	TRBJ1-3		CAASLAGGNNKLTF	TRAV10D	TRAJ56	m34	1
CASILQGSGNTLYF	TRBV19	TRBJ1-3		CILRVVGNTEGADRLTF	TRAV21-DV12	TRAJ45	m34	1
CASSRGEQYF	TRBV13-3	TRBJ2-7		CALISNNRIFF	TRAV12D-3	TRAJ31	m34	1
CASSLLGGLGEQYF	TRBV29	TRBJ2-7		CAVRGEGSSGNKLIF	TRAV7-3	TRAJ32	m34	1
CASSLGGYEQYF	TRBV3	TRBJ2-7		CAVRGEGSSGNKLIF	TRAV7-3	TRAJ32	m34	1
CASSLGWGGNTGQLYF	TRBV26	TRBJ2-2	TRBD2	CAVSPTNYGNEKITF	TRAV7-5	TRAJ48	m34	1
CASGDWGGAETLYF	TRBV12-2	TRBJ2-3	TRBD2	CAVSGGSNAKLTF	TRAV7-5	TRAJ42	m34	1
CAWSLGQNQDTQYF	TRBV31	TRBJ2-5		CAVSAGTNTGKLTF	TRAV3D-3	TRAJ27	m34	1
CASSPQGVAEQFF	TRBV13-1	TRBJ2-1		CAASYTNTGKLTF	TRAV5D-4	TRAJ27	m34	1
CASSLDSSGNTLYF	TRBV3	TRBJ1-3		CAGGDTGNYKYVF	TRAV10	TRAJ40	m34	2
CASSYGGARSQNTLYF	TRBV4	TRBJ2-4		CAGASSGSWQLIF	TRAV4D-4	TRAJ22	m34	1
CASSDETGVEQYF	TRBV13-1	TRBJ2-7		CAMSDLGGNYKPTF	TRAV6D-3	TRAJ6	m34	1
CASSQEQTGGYEQYF	TRBV5	TRBJ2-7		CAPRRSNNRIFF	TRAV13D-2	TRAJ31	m34	3
CASGGGQGAGNTLYF	TRBV13-2	TRBJ1-3	TRBD1	CALDRNSGTYQRF	TRAV13-1	TRAJ13	m34	1
CGARDQGYEQYF	TRBV20	TRBJ2-7		CAASANYNVLYF	TRAV14D-1	TRAJ21	m34	1
CASSHHSLNQDTQYF	TRBV2	TRBJ2-5		CAARDTTGNYNYVF	TRAV5-4	TRAJ40	m34	1
CASSPNWGGQNTLYF	TRBV15	TRBJ2-4	TRBD2	CALSGGYGNEKITF	TRAV6-5	TRAJ48	m34	1
CASSQSGNTEVFF	TRBV2	TRBJ1-1		CALVSSNTNKVVF	TRAV6D-6	TRAJ34	m34	1
CTCSADRRGPERLFF	TRBV1	TRBJ1-4		CAASATGNTGKLIF	TRAV14-2	TRAJ37	m34	1
CASSSGSYEQYF	TRBV15	TRBJ2-7		CAVSAPNTNKVVF	TRAV9-1	TRAJ34	m34	1
CASRDDYNSPLYF	TRBV19	TRBJ1-6		CALERGNNRIFF	TRAV13-1	TRAJ31	m34	4
CASSLMGGNTLYF	TRBV26	TRBJ1-3		CALWDQGGRALIF	TRAV12D-3	TRAJ15	m34	1
CAWDRSNYAEQFF	TRBV31	TRBJ2-1		CAMRDTGANTGKLTF	TRAV16	TRAJ52	m34	1
CASSIRGDQDTQYF	TRBV19	TRBJ2-5		CAAVGYKLTF	TRAV4D-3	TRAJ9	m34	1
CASSLSGTEVFF	TRBV26	TRBJ1-1		CALAVSGSFNKLTF	TRAV6N-7	TRAJ4	m34	1
CASSLLKINTGQLYF	TRBV29	TRBJ2-2		CAVKSGSWQLIF	TRAV9D-3	TRAJ22	m34	1
CASSLATDTEVFF	TRBV3	TRBJ1-1		CSGGTNTNKVVF	TRAV5-1	TRAJ34	m34	1
CASSFQGANTEVFF	TRBV15	TRBJ1-1		CAAENTGNYKYVF	TRAV4-4-DV10	TRAJ40	m34	1
CASRDEEVFF	TRBV15	TRBJ1-1		CAAENTGNYKYVF	TRAV4-4-DV10	TRAJ40	m34	1
CASSIDSAETLYF	TRBV19	TRBJ2-3		CAVSVSGSFNKLTF	TRAV3D-3	TRAJ4	m34	1
CASSRETGGITGQLYF	TRBV17	TRBJ2-2	TRBD1	CALSPQGGSAKLIF	TRAV12D-2	TRAJ57	m34	2
CASSSQGAYTEVFF	TRBV26	TRBJ1-1	TRBD1	CAASHQGGRALIF	TRAV14D-1	TRAJ15	m34	1
CASSLTFYEQYF	TRBV15	TRBJ2-7		CALGGPFGGSNAKLTF	TRAV6N-7	TRAJ42	m34	1
CTCSAGLGVPNQDTQYF	TRBV1	TRBJ2-5		CAANNNNAPRF	TRAV4-3	TRAJ43	m34	1
CASSLDIEVFF	TRBV16	TRBJ1-1		CAGKSGFASALTF	TRAV7N-6	TRAJ35	m34	1
CASGDAWGEVFF	TRBV12-2	TRBJ1-1		CAAAGGSAKLIF	TRAV4D-3	TRAJ57	m34	1
CGARNSQNTLYF	TRBV20	TRBJ2-4		CALGGPSGSWQLIF	TRAV6N-7	TRAJ22	m34	1
CASGEDRGSEVFF	TRBV13-2	TRBJ1-1	TRBD1	CAASYNYQLIW	TRAV7D-2	TRAJ33	m34	1
CASGEDRGSEVFF	TRBV13-2	TRBJ1-1	TRBD1	CAVWNSNNRIFF	TRAV7-5	TRAJ31	m34	1
CASSIAVNTGQLYF	TRBV19	TRBJ2-2		CALRGTGGNNKLTF	TRAV12-2	TRAJ56	m34	1
CASSLEVTQDTQFF	TRBV12-1	TRBJ2-5		CATSYQGGRALIF	TRAV8N-2	TRAJ15	m34	1
CASGPLLGGRWQDTQYF	TRBV13-2	TRBJ2-5	TRBD2	CALTTASLGKLQF	TRAV13N-1	TRAJ24	m34	5
CASSLEWGAYSYEQYF	TRBV3	TRBJ2-7		CALSDRYGSSGNKLIF	TRAV6-7-DV9	TRAJ32	m34	1
CASSFGRGNYAEQFF	TRBV16	TRBJ2-1		CAMREGPAGNTGKLIF	TRAV16N	TRAJ37	m34	1
CASSEGGNTQYF	TRBV13-1	TRBJ2-5		CAMREANNNNAPRF	TRAV16D-DV11	TRAJ43	m34	1
CAWSLGVNTGQLYF	TRBV31	TRBJ2-2		CAASDAGSGGKLTL	TRAV14D-2	TRAJ44	m34	1
CTCSAAANTGQLYF	TRBV1	TRBJ2-2		CAIDQTNTGKLTF	TRAV13D-2	TRAJ27	m34	1
CASSTGTGYLAPLF	TRBV2	TRBJ1-5	TRBD1	CALGDPDTNAYKVIF	TRAV6D-6	TRAJ30	m34	1
CASSRDRGYEQYF	TRBV12-1	TRBJ2-7	TRBD1	CAMREGPYAQGLTF	TRAV16D-DV11	TRAJ26	m34	1
CASSYHRGLGSDYTF	TRBV4	TRBJ1-2	TRBD1	CATPGGGSNYKLTF	TRAV13D-1	TRAJ53	m34	1
CASSLLGYKNTLYF	TRBV12-1	TRBJ2-4		CAVRPLTGNTGKLIF	TRAV7-5	TRAJ37	m34	1
CASSLQANTEVFF	TRBV15	TRBJ1-1		CVLSTGYQNFYF	TRAV9D-2	TRAJ49	m34	4
CASRRDGSQNTLYF	TRBV15	TRBJ2-4		CSASGYNQGKLIF	TRAV5-1	TRAJ23	m34	1
CTCSATALNQDTQYF	TRBV1	TRBJ2-5		CALSDRGSGGKLTL	TRAV6-7-DV9	TRAJ44	m34	2
CASSSSTGTGNTLYF	TRBV3	TRBJ1-3		CAADTASLGKLQF	TRAV4-3	TRAJ24	m34	1
CASSQRTNQDTQYF	TRBV5	TRBJ2-5		CVLSNNNAGAKLTF	TRAV9-2	TRAJ39	m34	1
CASGGTSAETLYF	TRBV13-2	TRBJ2-3		CAVSSNNNNAPRF	TRAV7-5	TRAJ43	m34	4
CASSIRDWGGEQYF	TRBV19	TRBJ2-7	TRBD2	CATGSSGSWQLIF	TRAV8D-2	TRAJ22	m34	2
CASSSPTGGFYAEQFF	TRBV16	TRBJ2-1		CAMEFMATGGNNKLTF	TRAV13N-4	TRAJ56	m34	1
CASSSPTGGFYAEQFF	TRBV16	TRBJ2-1		CAMVMATGGNNKLTF	TRAV13D-1	TRAJ56	m34	1
CGASGGLGGYEQYF	TRBV20	TRBJ2-7		CAASSAGNYKYVF	TRAV14N-3	TRAJ40	m34	1
CTCSAEWGSERLFF	TRBV1	TRBJ1-4		CAAKWGSGGSNYKLTF	TRAV14-3	TRAJ53	m34	1
CASGDAPSSAETLYF	TRBV12-2	TRBJ2-3		CAVRRNMGYKLTF	TRAV3D-3	TRAJ9	m34	4
CASSTAWGGRTGQLYF	TRBV4	TRBJ2-2	TRBD2	CALSDAGNTGKLIF	TRAV6N-6	TRAJ37	m34	1
CASGRGAGEQYF	TRBV12-2	TRBJ2-7	TRBD1	CAAIASSSFSKLVF	TRAV14-3	TRAJ50	m34	1
CASSDPFNQDTQYF	TRBV13-3	TRBJ2-5		CALSDTNAYKVIF	TRAV12D-3	TRAJ30	m34	2
CASSQTVLSNERLFF	TRBV5	TRBJ1-4		CAAEAGTGNYKYVF	TRAV4-4-DV10	TRAJ40	m34	1
CASSQDLLGDYEQYF	TRBV2	TRBJ2-7		CGPNYGSSGNKLIF	TRAV8N-2	TRAJ32	m34	1
CASSDQGGDTQYF	TRBV13-1	TRBJ2-5		CAAVASSGSWQLIF	TRAV4-4-DV10	TRAJ22	m34	1
CASSDQGGDTQYF	TRBV13-1	TRBJ2-5		CAAEAGTGNTGKLIF	TRAV4D-4	TRAJ37	m34	1
CASGDAGTYDQYC	TRBV12-2	TRBJ2-7		CALWGHTGNYKYVF	TRAV12-1	TRAJ40	m34	1
CASTRENTGQLYF	TRBV16	TRBJ2-2		CAVGTNAYKVIF	TRAV7-5	TRAJ30	m34	1
CASSGLGEDTQYF	TRBV13-1	TRBJ2-5		CAVSMRQGGRALIF	TRAV7D-5	TRAJ15	m34	2
CASSGLGEDTQYF	TRBV13-1	TRBJ2-5		CAASMDMGYKLTF	TRAV7D-2	TRAJ9	m34	2
CASIRSAETLYF	TRBV26	TRBJ2-3		CAASKYNQGKLIF	TRAV7D-2	TRAJ23	m34	1
CASSLAPGGADTQYF	TRBV3	TRBJ2-5	TRBD2	CILRNTGYQNFYF	TRAV21-DV12	TRAJ49	m34	2
CASSDRGTGKDTQYF	TRBV13-1	TRBJ2-5	TRBD1	CIVTARGSALGRLHF	TRAV2	TRAJ18	m34	1
CASGEFSSYEQYF	TRBV12-2	TRBJ2-7		CAASANSGTYQRF	TRAV14-2	TRAJ13	m34	1
CASSRLGGRQNTLYF	TRBV12-1	TRBJ2-4	TRBD2	CALEPSGSWQLIF	TRAV13-1	TRAJ22	m34	1
CASSSGTGVNERLFF	TRBV19	TRBJ1-4	TRBD1	CAAETTNAYKVIF	TRAV4-4-DV10	TRAJ30	m34	1
CAWRARSNERLFF	TRBV31	TRBJ1-4		CAASARSSGSWQLIF	TRAV14N-3	TRAJ22	m34	2
CASSQDWGENTLYF	TRBV5	TRBJ2-4		CALRETGNTGKLIF	TRAV6-7-DV9	TRAJ37	m34	1
CASSQGTGDAETLYF	TRBV2	TRBJ2-3		CAIPEYSNNRLTL	TRAV13D-2	TRAJ7	m34	1
CASSQGTGDAETLYF	TRBV2	TRBJ2-3		CAASRGGGRALIF	TRAV7D-2	TRAJ15	m34	1
CASRPGGSNERLFF	TRBV15	TRBJ1-4		CALTVNTGNYKYVF	TRAV6-7-DV9	TRAJ40	m34	1
CTCSADLGTGVYEQYF	TRBV1	TRBJ2-7	TRBD1	CALEDNYAQGLTF	TRAV13-1	TRAJ26	m34	1
CASSFLGGPETLYF	TRBV3	TRBJ2-3		CAGFANSGTYQRF	TRAV14D-2	TRAJ13	m34	1
CASSLTGASQNTLYF	TRBV26	TRBJ2-4		CALWEPPSYQGGRALIF	TRAV15D-1-DV6D-1	TRAJ15	m34	2
CASGDARNERLFF	TRBV13-2	TRBJ1-4		CALGDRYGSSGNKLIF	TRAV6D-6	TRAJ32	m34	1
CASSILAGGRQNTLYF	TRBV19	TRBJ2-4		CAVMNYGSSGNKLIF	TRAV7N-6	TRAJ32	m34	1
CASSRQGEGTQYF	TRBV12-1	TRBJ2-5	TRBD1	CAASDPSSSFSKLVF	TRAV7-4	TRAJ50	m34	1
CAWSYTGGALEQYF	TRBV31	TRBJ2-7	TRBD2	CAASPNYNQGKLIF	TRAV7D-2	TRAJ23	m34	1
CASSQEGTTNSDYTF	TRBV5	TRBJ1-2		CAASPNYNQGKLIF	TRAV7D-2	TRAJ23	m34	1
CTCSAEGRNTLYF	TRBV1	TRBJ2-4		CAAEAHANKMIF	TRAV4-3	TRAJ47	m34	1
CASGELGGRAETLYF	TRBV13-2	TRBJ2-3	TRBD2	CAVSGSFNKLTF	TRAV4D-4	TRAJ4	m34	1
CSSRGPGQGALSNERLFF	TRBV23	TRBJ1-4	TRBD1	CAAEANTGNYKYVF	TRAV4-4-DV10	TRAJ40	m34	1
CASGDEGADSDYTF	TRBV13-2	TRBJ1-2		CAVSPGGNYKPTF	TRAV3D-3	TRAJ6	m34	1
CASSDAWGGFAETLYF	TRBV13-3	TRBJ2-3	TRBD2	CSASINSGTYQRF	TRAV5-1	TRAJ13	m34	1
CASKGDNYAEQFF	TRBV19	TRBJ2-1		CAASAPTNTGKLTF	TRAV14D-3-DV8	TRAJ27	m34	1
CASSPASQNTLYF	TRBV12-1	TRBJ2-4		CAASGSSGSWQLIF	TRAV14D-1	TRAJ22	m34	1
CASSLTGVSNERLYF	TRBV15	TRBJ1-4		CAASATGGNNKLTF	TRAV5-4	TRAJ56	m34	1
CASGPLLGGRWQDTQYF	TRBV12-2	TRBJ2-5	TRBD2	CALTTASLGKLQF	TRAV13N-1	TRAJ24	m34	5
CASGRNTEVFF	TRBV13-2	TRBJ1-1		CALEPGTNAYKVIF	TRAV13-1	TRAJ30	m34	1
CASSIGQGANTEVFF	TRBV19	TRBJ1-1	TRBD1	CALSGGNAPRF	TRAV6N-6	TRAJ43	m34	2
CASGGGQGAGNTLYF	TRBV12-2	TRBJ1-3	TRBD1	CALRVSGSFNKLTF	TRAV12D-3	TRAJ4	m34	1
CASRPGTGDGTQYF	TRBV3	TRBJ2-5	TRBD1	CAAYNTNTGKLTF	TRAV4D-4	TRAJ27	m34	1
CASGDADSDYTF	TRBV13-1	TRBJ1-2		CAMREGQGADRLTF	TRAV16	TRAJ45	m34	1
CASSLPGEDTQYF	TRBV15	TRBJ2-5		CALRTGSGGKLTL	TRAV6-5	TRAJ44	m34	1
CASRLGEKDTQYF	TRBV19	TRBJ2-5		CAMREGGGSALGRLHF	TRAV16N	TRAJ18	m34	1
CASSPHGSNERLFF	TRBV12-2	TRBJ1-4		CGEGTNAYKVIL	TRAV4-3	TRAJ30	m34	1
CASSFHNSNSDYTF	TRBV29	TRBJ1-2		CASITGSGGKLTL	TRAV12-2	TRAJ44	m34	1
CASSSRTDTEVFF	TRBV4	TRBJ1-1		CALRDANSGTYQRF	TRAV12D-2	TRAJ13	m34	1
CASSRPRTGGYAEQFF	TRBV17	TRBJ2-1	TRBD1	CALRGGSALGRLHF	TRAV6-5	TRAJ18	m34	1
CASSLKQGSTGQLYF	TRBV3	TRBJ2-2		CAMSDPGSFNKLTF	TRAV6D-3	TRAJ4	m34	4
CASSLGQNTEVFF	TRBV16	TRBJ1-1		CAARRTGGYKVVF	TRAV7D-2	TRAJ12	m34	2
CASSLGQNTEVFF	TRBV16	TRBJ1-1		CALWALSGSFNKLTF	TRAV15D-1-DV6D-1	TRAJ4	m34	1
CASSFPGLSAETLYF	TRBV3	TRBJ2-3		CAASSGGSNAKLTF	TRAV7-4	TRAJ42	m34	1
CASSFRGAPYAEQFF	TRBV29	TRBJ2-1		CAPPYTGNYKYVF	TRAV13N-1	TRAJ40	m34	1
CASSLEGARGAETLYF	TRBV15	TRBJ2-3		CALRGGRALIF	TRAV12D-2	TRAJ15	m34	1
CASSLGTANTGQLYF	TRBV3	TRBJ2-2		CAVSANTGNYKYVF	TRAV3-4	TRAJ40	m34	1
CASSLEQGDTQYF	TRBV3	TRBJ2-5		CALGNSNNRIFF	TRAV6D-6	TRAJ31	m34	1
CASGRTGGGAETLYF	TRBV12-2	TRBJ2-3		CAASNMGYKLTF	TRAV7D-2	TRAJ9	m34	2
CASSRGPGNAETLYF	TRBV17	TRBJ2-3		CAVSLFMSNYNVLYF	TRAV3D-3	TRAJ21	m34	2
CAWSLGGYEQYF	TRBV31	TRBJ2-7		CAVSLFMSNYNVLYF	TRAV3D-3	TRAJ21	m34	1
CASSRVNSPLYF	TRBV4	TRBJ1-6		CAAGTGGYKVVF	TRAV4D-4	TRAJ12	m34	1
CAWSYTGGALEQYF	TRBV31	TRBJ2-7	TRBD2	CALTTASLGKLQF	TRAV13N-1	TRAJ24	m34	1
CSSGGVNQDTQYF	TRBV30	TRBJ2-5		CAAWNSNNRIFF	TRAV7N-6	TRAJ31	m34	1
CSSGGVNQDTQYF	TRBV30	TRBJ2-5		CAAENNAGAKLTF	TRAV4D-4	TRAJ39	m34	1
CASSLGPGRGEPLYF	TRBV12-2	TRBJ2-3	TRBD1	CALERGGNTGKLIF	TRAV13-1	TRAJ37	m34	1
CASSLTGASQNTLYF	TRBV26	TRBJ2-4		CALWEPPPYQGGRALIF	TRAV15D-1-DV6D-1	TRAJ15	m34	1
CASSLGTAYEQYF	TRBV12-2	TRBJ2-7		CALSSSSGSWQLIF	TRAV9N-4	TRAJ22	m34	1
CASSPWTSTGQLYF	TRBV3	TRBJ2-2		CVLSERYAQGLPF	TRAV9-2	TRAJ26	m34	1
CASSSDWGYEQYF	TRBV16	TRBJ2-7		CALSMASSSFSKLVF	TRAV6N-6	TRAJ50	m34	2
CASSSDWGYEQYF	TRBV16	TRBJ2-7		CVLSMGATGGNNKLTF	TRAV13-5	TRAJ56	m34	3
CASSTNTEVFF	TRBV15	TRBJ1-1		CAVTAITGNTGKLIF	TRAV7-6	TRAJ37	m34	1
CASSQANNSPLYF	TRBV19	TRBJ1-6		CAAEARVYKPTF	TRAV4D-4	TRAJ6	m34	2
CTCSAGLGSAETLYF	TRBV1	TRBJ2-3		CAAKHRIFF	TRAV5D-4	TRAJ31	m34	3
CTCSADSQNTLYF	TRBV1	TRBJ2-4		CAARDTNAYKVIF	TRAV7D-2	TRAJ30	m34	3
CASLRRTGGAPDTLYF	TRBV14	TRBJ2-4	TRBD1	CALWNSGTYQRF	TRAV6D-6	TRAJ13	m34	1
CTCSGTYQNTLYF	TRBV1	TRBJ2-4		CAVASSGSWQLIF	TRAV7-3	TRAJ22	m34	1
CTCSGTYQNTLYF	TRBV1	TRBJ2-4		CAASMRGNTGKLTF	TRAV7D-2	TRAJ27	m34	1
CTCRVTGSSQNTLYF	TRBV1	TRBJ2-4	TRBD1	CAVASSGSWQLIF	TRAV7-3	TRAJ22	m34	1
CTCRVTGSSQNTLYF	TRBV1	TRBJ2-4	TRBD1	CAASMRGNTGKLTF	TRAV7D-2	TRAJ27	m34	1
CASSIGGNYAEQFF	TRBV19	TRBJ2-1		CALSGAGGSNAKLTF	TRAV6-7-DV9	TRAJ42	m34	2
CASGGLGGGQDTQYF	TRBV13-2	TRBJ2-5		CALGVPSGSWQLIF	TRAV6N-7	TRAJ22	m34	1
CASSWRVSNERLFF	TRBV29	TRBJ1-4		CAASVITGNTGKLIF	TRAV14D-1	TRAJ37	m34	1
CASSPGLLQNTLYF	TRBV3	TRBJ2-4		CAAEAESNNRIFF	TRAV4D-4	TRAJ31	m34	1
CASSLGGQNTLYF	TRBV2	TRBJ2-4	TRBD2	CAAGSNTNKVVF	TRAV14-2	TRAJ34	m34	1
CASGDAGTGDTQYF	TRBV13-2	TRBJ2-5	TRBD1	CAASKGGTNAYKVIF	TRAV10	TRAJ30	m34	1
CAWSLAGLDSDYTF	TRBV31	TRBJ1-2		CAANSAGNKLTF	TRAV4D-4	TRAJ17	m34	1
CAWSPRGDTEVFF	TRBV31	TRBJ1-1		CALTVPGTGSNRLTF	TRAV12D-3	TRAJ28	m34	1
CASSQEGLGGRIYF	TRBV2	TRBJ2-7	TRBD2	CAIDRDTNAYKVIF	TRAV13-2	TRAJ30	m34	1
CAWSRTGVSQNTLYF	TRBV31	TRBJ2-4		CAVSRSGTYQRF	TRAV7D-3	TRAJ13	m34	2
CASSLGTGKDTQYF	TRBV15	TRBJ2-5		CAASEVTNAYKVIF	TRAV7-4	TRAJ30	m34	2
CASRGLGGNYAEQFF	TRBV13-3	TRBJ2-1		CAAAITGNTGKLIF	TRAV4-3	TRAJ37	m34	1
CASRGLGGNYAEQFF	TRBV13-3	TRBJ2-1		CAASRSNTNKVVF	TRAV14D-2	TRAJ34	m34	1
CASGDAPSSAETLYF	TRBV13-2	TRBJ2-3		CAVRRNMGYKLTF	TRAV3D-3	TRAJ9	m34	4
CASSLRDREVFF	TRBV14	TRBJ1-1		CAARGMSNYNVLYF	TRAV7-4	TRAJ21	m34	1
CASGGQISNERLFF	TRBV13-2	TRBJ1-4		CAASIQGGRALIF	TRAV10N	TRAJ15	m34	1
CASSIDWGSQNTLYF	TRBV19	TRBJ2-4		CAASSAGSWQLIF	TRAV14N-3	TRAJ22	m34	1
CASSIDWGSQNTLYF	TRBV19	TRBJ2-4		CAMREGPGGRALIF	TRAV16N	TRAJ15	m34	1
CASARTGGYEQYF	TRBV3	TRBJ2-7		CALDRNSGTYQRF	TRAV13-1	TRAJ13	m34	1
CASSAQSNERLFF	TRBV13-1	TRBJ1-4		CALGNAEGADRLTF	TRAV6D-6	TRAJ45	m34	1
CAWRARSNERLFF	TRBV31	TRBJ1-4		CAASATGNTGKLIF	TRAV14N-3	TRAJ37	m34	1
CASGDNWGGAGQNTLYF	TRBV12-2	TRBJ2-4	TRBD2	CAASEDNTNTGKLTF	TRAV7-4	TRAJ27	m34	1
CASSLDGGQDTQYF	TRBV3	TRBJ2-5		CATGSNSGTYQRF	TRAV8D-1	TRAJ13	m34	3
CASSDGDWGIAEQFF	TRBV13-1	TRBJ2-1		CALKHNNAPRF	TRAV12-3	TRAJ43	m34	1
CASSEQGGTEVFF	TRBV13-1	TRBJ1-1		CATDDNYAQGLTF	TRAV8N-2	TRAJ26	m34	1
CASSLVLEQYF	TRBV16	TRBJ2-7		CAVEAGNTGNYKYVF	TRAV4-2	TRAJ40	m34	1
CASSFRTSSAETLYF	TRBV15	TRBJ2-3		CADYANKMIF	TRAV13D-3	TRAJ47	m34	1
CASSLQGVQDTQYF	TRBV14	TRBJ2-5		CATDNTNTGKLTF	TRAV8-1	TRAJ27	m34	1
CASSQDPGYEQYF	TRBV5	TRBJ2-7		CAGDTNAYKVIF	TRAV7-6	TRAJ30	m34	1
CASTPDWNNYAEQFF	TRBV4	TRBJ2-1		CALSVTGYQNFYF	TRAV6-7-DV9	TRAJ49	m34	2
CGARLGGPTGQLYF	TRBV20	TRBJ2-2	TRBD2	CAAVASSGSWQLIF	TRAV4D-4	TRAJ22	m34	2
CAWSVGGPYAEQFF	TRBV31	TRBJ2-1	TRBD2	CAAERDTNAYKVIF	TRAV4-4-DV10	TRAJ30	m34	1
CASSLPWGTYAEQVF	TRBV12-1	TRBJ2-1		CAALTGGYKVVF	TRAV4D-4	TRAJ12	m34	1
CASSKGQGASDYTF	TRBV19	TRBJ1-2	TRBD1	CAMRETGSGGKLTL	TRAV16N	TRAJ44	m34	1
CASSHSYNSPLYF	TRBV4	TRBJ1-6		CALENTNTGKLTF	TRAV13-1	TRAJ27	m34	3
CASGDLDPTEVFF	TRBV12-2	TRBJ1-1		CAASSNTNKVVF	TRAV7D-2	TRAJ34	m34	3
CASSLHSSYEQYF	TRBV26	TRBJ2-7		CALSGPLPGTGSNRLTF	TRAV12D-3	TRAJ28	m34	1
CASGGAGDNQAPLF	TRBV13-2	TRBJ1-5	TRBD1	CVHDSGYNKLTF	TRAV6-5	TRAJ11	m34	1
CASGDGQGSSNERLIF	TRBV12-2	TRBJ1-4	TRBD1	CAAQSGSGGSNYKLTF	TRAV14D-1	TRAJ53	m34	1
CASSEGGNQDTQYF	TRBV13-1	TRBJ2-5		CALGYYNQGKLIF	TRAV13-1	TRAJ23	m34	1
CASSDANRGLNTLYF	TRBV13-1	TRBJ2-4	TRBD1	CALSETGGNNKLTF	TRAV6-7-DV9	TRAJ56	m34	1
CASSLQGGVTEVFF	TRBV12-1	TRBJ1-1		CAANTGGYKVVF	TRAV4D-4	TRAJ12	m34	3
CASSRDISAQYF	TRBV4	TRBJ2-7		CAAEAGTGGYKVVF	TRAV4D-4	TRAJ12	m34	1
CASSLGYAEQFF	TRBV19	TRBJ2-1		CAVRYQGGRALIF	TRAV7-5	TRAJ15	m34	1
CASSPDRGTEVFF	TRBV13-3	TRBJ1-1	TRBD1	CALKDNRIFF	TRAV9N-4	TRAJ31	m34	2
CASSPLTGEDTQYF	TRBV14	TRBJ2-5		CAARGSWQLIF	TRAV7D-5	TRAJ22	m34	1
CAWSLTGGSQNTLYF	TRBV31	TRBJ2-4		CAASKGSNYNVLYF	TRAV5D-4	TRAJ21	m34	4
CTCRADWGGDTGQLYF	TRBV1	TRBJ2-2	TRBD2	CALERSGGSNAKLTF	TRAV13-1	TRAJ42	m34	2
CASSFRTHANSDYTF	TRBV4	TRBJ1-2		CALSDLPGANTGKLTF	TRAV6-7-DV9	TRAJ52	m34	1
CASRDWGSYEQYF	TRBV15	TRBJ2-7	TRBD2	CALVNTGYQNFYF	TRAV6-4	TRAJ49	m34	1
CASSQRLGLYAEQFF	TRBV2	TRBJ2-1		CALSAGGNNKLTF	TRAV6-7-DV9	TRAJ56	m34	1
CASSQGTNSGNTLYF	TRBV5	TRBJ1-3		CAIQGGSAKLIF	TRAV13-4-DV7	TRAJ57	m34	2
CASSQDRQGANTEVFF	TRBV2	TRBJ1-1		CAASDYGNEKITF	TRAV7D-2	TRAJ48	m34	1
CASSGGHYNSPLYF	TRBV13-3	TRBJ1-6		CAASSGGNYKPTF	TRAV7D-2	TRAJ6	m34	1
CASSYRGETLYF	TRBV3	TRBJ2-3		CAASKNTNTGKLTF	TRAV10D	TRAJ27	m34	1
CASSYRGETLYF	TRBV3	TRBJ2-3		CALGERNSNNRIFF	TRAV6N-7	TRAJ31	m34	1
CASSDEGAGTEVFF	TRBV13-1	TRBJ1-1		CAASAPGNTGKLIF	TRAV14-1	TRAJ37	m34	2
CSSMWDIQDTQYF	TRBV30	TRBJ2-5		CAMDLSGSFNKLTF	TRAV13D-4	TRAJ4	m34	1
CASSAWGREQYF	TRBV13-1	TRBJ2-7		CALSYTGYQNFYF	TRAV12D-3	TRAJ49	m34	1
CTCSATGLAEQFF	TRBV1	TRBJ2-1		CAMRANNRIFF	TRAV16N	TRAJ31	m34	1
CTCSATGLAEQFF	TRBV1	TRBJ2-1		CALSDRAGNTGKLIF	TRAV12-1	TRAJ37	m34	1
CSSSQGWGGAETLYF	TRBV23	TRBJ2-3		CAAEANTNKVVF	TRAV4-4-DV10	TRAJ34	m34	2
CASRQGANTGQLYF	TRBV13-1	TRBJ2-2	TRBD1	CAMREGSNMGYKLTF	TRAV16N	TRAJ9	m34	1
CASSGGSQNTLYF	TRBV3	TRBJ2-4		CAASPSSSFSKLVF	TRAV14-1	TRAJ50	m34	2
CASSIPGGSERLFF	TRBV19	TRBJ1-4		CAASEGDSNYQLIW	TRAV14D-1	TRAJ33	m34	1
CSSSQGLGVYEQYF	TRBV23	TRBJ2-7		CAASKNYNQGKLIF	TRAV10N	TRAJ23	m34	1
CGAVQGAQNTLYF	TRBV20	TRBJ2-4	TRBD1	CAADSGYNKLTF	TRAV4D-4	TRAJ11	m34	1
CASSPSGNQNTLYF	TRBV12-1	TRBJ2-4		CAVSLMNYNQGKLII	TRAV7N-4	TRAJ23	m34	1
CASSLPGQHYAEQFF	TRBV12-1	TRBJ2-1		CALTITGNTGKLIF	TRAV12D-3	TRAJ37	m34	1
CASSSYWGAETLYF	TRBV4	TRBJ2-3		CAVEPFNAGAKLTF	TRAV4-2	TRAJ39	m34	1
CGARSSQNTLYF	TRBV20	TRBJ2-4		CAVEPFNAGAKLTF	TRAV4-2	TRAJ39	m34	1
CASGDGAKYNSPLYF	TRBV12-2	TRBJ1-6		CAASATRYSNNRLTL	TRAV14D-2	TRAJ7	m34	1
CASSPGQGALAEQFF	TRBV3	TRBJ2-1	TRBD1	CAASEGTQVVGQLTF	TRAV14D-1	TRAJ5	m34	2
CTCSAGDRYNSPLYF	TRBV1	TRBJ1-6		CAASEGTQVVGQLTF	TRAV14D-1	TRAJ5	m34	1
CASSPGGLNTLYF	TRBV15	TRBJ2-4		CSASTQVVVQLTF	TRAV5-1	TRAJ5	m34	1
CASRDRWYAEQFF	TRBV13-3	TRBJ2-1	TRBD1	CILRVPRATGGNNKLTF	TRAV21-DV12	TRAJ56	m34	1
CASSQPQGQNTLYF	TRBV2	TRBJ2-4		CATEDTNAYKVIF	TRAV8D-2	TRAJ30	m34	2
CASSRDWGGLEQYF	TRBV13-1	TRBJ2-7	TRBD2	CAVNYGNEKITF	TRAV7-5	TRAJ48	m34	1
CASGGTSAETLYF	TRBV12-2	TRBJ2-3		CAVSSNNNNAPRF	TRAV7-5	TRAJ43	m34	4
CASGDPYSQNTLYF	TRBV12-2	TRBJ2-4		CALSDPPSGSWQLIF	TRAV12D-3	TRAJ22	m34	1
CASSQDQQDTQYF	TRBV5	TRBJ2-5		CALSDPPSGSWQLIF	TRAV12D-3	TRAJ22	m34	1
CASSLVGVQNTLYF	TRBV16	TRBJ2-4		CALEASSSFSKLVF	TRAV17	TRAJ50	m34	1
CASSQGGNQDTQYF	TRBV15	TRBJ2-5		CALSNYNVLYF	TRAV4D-4	TRAJ21	m34	1
CASSDANRGQNTLYF	TRBV13-1	TRBJ2-4	TRBD1	CAASATGGNNKLTF	TRAV5-4	TRAJ56	m34	1
CASSQDPGLGGAYNYAEQFF	TRBV5	TRBJ2-1		CAMREGNSKNRIFF	TRAV16N	TRAJ31	m34	1
CASSLWGVTPDYTF	TRBV26	TRBJ1-2		CAAYSGGSNYKLTF	TRAV14-2	TRAJ53	m34	3
CASSGSFSNERLFF	TRBV16	TRBJ1-4		CAVGTSSGQKLVF	TRAV7-5	TRAJ16	m34	1
CASSPDRVTEVFF	TRBV12-2	TRBJ1-1		CAASGNMGYKLTF	TRAV7D-2	TRAJ9	m34	1
CASGGLGVDYAEQFF	TRBV12-2	TRBJ2-1		CAMREGSSGSWQLIF	TRAV16N	TRAJ22	m34	1
CASSFQWDTLYF	TRBV15	TRBJ2-4		CAVSGNNNAPRF	TRAV7-6	TRAJ43	m34	2
CASSQRDWASYEQYF	TRBV5	TRBJ2-7		CAMSDDQGGRALIF	TRAV6D-3	TRAJ15	m34	1
CTCSAPWASSYEQYF	TRBV1	TRBJ2-7		CAASDTNAYKVIF	TRAV7-4	TRAJ30	m34	1
CASSLRGRQNTLYF	TRBV15	TRBJ2-4	TRBD1	CAASSNNNNAPRF	TRAV14D-3-DV8	TRAJ43	m34	1
CASSDAGWNTEVFF	TRBV13-1	TRBJ1-1		CALSDPGSGGKLTL	TRAV6-7-DV9	TRAJ44	m34	1
CASGGPGIAETLYF	TRBV13-2	TRBJ2-3		CAASAHYGSSGNKLIF	TRAV5-4	TRAJ32	m34	1
CASSQENTLYF	TRBV19	TRBJ2-4		CAASAHYGSSGNKLIF	TRAV5-4	TRAJ32	m34	1
CASSQENTLYF	TRBV19	TRBJ2-4		CAAEASSGSWQLIF	TRAV4D-4	TRAJ22	m34	1
CASSPGGLNTLYF	TRBV15	TRBJ2-4		CSASTQVVGQLTF	TRAV5-1	TRAJ5	m34	1
CASGEPPAGPNTEVFF	TRBV13-2	TRBJ1-1		CALGPNYGNEKITF	TRAV13-1	TRAJ48	m34	1
CASGEPPAGPNTEVFF	TRBV13-2	TRBJ1-1		CAMREAGNTGKLIF	TRAV6-3	TRAJ37	m34	1
CASSQDQGPTEVFF	TRBV5	TRBJ1-1		CGSAGNKLTF	TRAV12D-2	TRAJ17	m34	1
CASSPDWGQDTQYF	TRBV13-1	TRBJ2-5	TRBD1	CAVNYGNEKITF	TRAV7-5	TRAJ48	m34	1
CASSPDWGQDTQYF	TRBV13-1	TRBJ2-5	TRBD1	CAASVGNTGKLIF	TRAV14D-1	TRAJ37	m34	1
CASSPRQGEAEQFF	TRBV3	TRBJ2-1	TRBD1	CALRKNSNNRIFF	TRAV6-5	TRAJ31	m34	1
CASSEYSNTGQLYF	TRBV13-1	TRBJ2-2		CAVSRAGNYKYVF	TRAV7-5	TRAJ40	m34	3
CASSLGNANTEVFF	TRBV12-1	TRBJ1-1		CAMREGSNYNVLYF	TRAV16N	TRAJ21	m34	1
CASSPDRVTEVFF	TRBV12-2	TRBJ1-1		CGEGTNAYKVIF	TRAV4-3	TRAJ30	m34	1
CASGDAGGQNTLYF	TRBV12-2	TRBJ2-4		CALWGHTGNYKYVF	TRAV12-1	TRAJ40	m34	1
CASSLGQGAEVFF	TRBV15	TRBJ1-1	TRBD1	CILNQGGSAKLIF	TRAV21-DV12	TRAJ57	m34	1
CASSHRGLDTQYF	TRBV13-3	TRBJ2-5	TRBD1	CALEGSGANTGKLTF	TRAV17	TRAJ52	m34	1
CASSQDRDWGYEQYF	TRBV2	TRBJ2-7		CALRRGQQGTGSKLSF	TRAV12-2	TRAJ58	m34	1
CASSPWTSTGQLYF	TRBV3	TRBJ2-2		CVLSEGYAQGLTF	TRAV9-2	TRAJ26	m34	2
CGARETVSNERLFF	TRBV20	TRBJ1-4		CAANTNTGKLTF	TRAV10	TRAJ27	m34	2
CASGDGGAHEQYF	TRBV12-2	TRBJ2-7		CATHNTNTGKLTF	TRAV13D-2	TRAJ27	m34	1
CTCSAPGQPNTEVFF	TRBV1	TRBJ1-1		CAVSMSYNQGKLIF	TRAV7D-3	TRAJ23	m34	2
CTCSAPGQPNTEVFF	TRBV1	TRBJ1-1		CSATKNNTNTGKLTF	TRAV5-1	TRAJ27	m34	2
CTCSAENSGNTLYF	TRBV1	TRBJ1-3		CAADRITGYQNFYF	TRAV4-4-DV10	TRAJ49	m34	1
CASSDRSYAEQFF	TRBV12-1	TRBJ2-1		CALTSSNTNKVVF	TRAV12-2	TRAJ34	m34	1
CAWSPRGDTEVFF	TRBV31	TRBJ1-1		CALTSSNTNKVVF	TRAV12-2	TRAJ34	m34	1
CASGETGRAETLYF	TRBV13-2	TRBJ2-3		CAARPVNTGNYKYVF	TRAV14D-1	TRAJ40	m34	1
CASSQVPLRGRYNSPLYF	TRBV2	TRBJ1-6		CAARPVNTGNYKYVF	TRAV14D-1	TRAJ40	m34	1
CASGWTGSSQNTLYF	TRBV12-2	TRBJ2-4		CALSDPYQGGRALIF	TRAV12D-3	TRAJ15	m34	3
CASSLSRSQNTLYF	TRBV15	TRBJ2-4		CAAEANSGTYQRF	TRAV4D-3	TRAJ13	m34	1
CASSQDWGGGEQYF	TRBV5	TRBJ2-7	TRBD2	CALGESGSGGKLTL	TRAV6N-7	TRAJ44	m34	1
CTCSAGLGSAETLYF	TRBV1	TRBJ2-3		CAARGTGGYNVVF	TRAV5D-4	TRAJ12	m34	1
CASFTQGTNERLFF	TRBV12-2	TRBJ1-4		CAAEDYGNEKITF	TRAV4-4-DV10	TRAJ48	m34	1
CASGDAGNFSNERLFF	TRBV12-2	TRBJ1-4		CAARTGGYKGVF	TRAV4D-4	TRAJ12	m34	1
CTCSADQGGWNTGQLYF	TRBV1	TRBJ2-2		CAIRGSALGRLHF	TRAV13D-2	TRAJ18	m34	1
CTCSARRGTEVFF	TRBV1	TRBJ1-1		CALSDRGTGNTGKLIF	TRAV6-7-DV9	TRAJ37	m34	1
CASSLTGGVSNERLFF	TRBV12-2	TRBJ1-4		CAARNYNQGKLIF	TRAV7D-2	TRAJ23	m34	1
CASSFREDTQYF	TRBV3	TRBJ2-5		CAASAPGNTGKLIF	TRAV5-4	TRAJ37	m34	1
CASSSGVQDTQYF	TRBV14	TRBJ2-5		CAAASSGSWQLIF	TRAV4D-4	TRAJ22	m34	1
CASSLEGWNTLYF	TRBV3	TRBJ2-4		CAANSNNRIFF	TRAV14-3	TRAJ31	m34	1
CASSLQANTEVFF	TRBV15	TRBJ1-1		CAAEHMSNYNVLYF	TRAV4D-4	TRAJ21	m34	1
CGASPQISNERLFF	TRBV20	TRBJ1-4		CAAVSSSSFSKLVF	TRAV4-4-DV10	TRAJ50	m34	1
CASSPSGGTEVFF	TRBV3	TRBJ1-1		CAAVAGYTGKLIF	TRAV5-4	TRAJ37	m34	1
CASGTGDQDTQYF	TRBV12-2	TRBJ2-5	TRBD1	CAAGNTGNYKYVF	TRAV10	TRAJ40	m34	2
CASSLAQNTGQLYF	TRBV16	TRBJ2-2		CALEQSNTNKVVF	TRAV13-1	TRAJ34	m34	1
CASSPPRGGADYTF	TRBV2	TRBJ1-2		CALDLSSNNRIFF	TRAV13-1	TRAJ31	m34	1
CASSLIENTRYF	TRBV16	TRBJ1-3		CATDTDYNQGKLIF	TRAV8N-2	TRAJ23	m34	1
CASIRSAETLYF	TRBV26	TRBJ2-3		CAAAGSSGNKLIF	TRAV7D-2	TRAJ32	m34	1
CASIRSAETLYF	TRBV26	TRBJ2-3		CAVSRNSNNRIFF	TRAV7D-2	TRAJ31	m34	1
CASSPGTAEQYF	TRBV3	TRBJ2-7		CALSRITGNTGKLIF	TRAV12-2	TRAJ37	m34	1
CASSLHNSNERLFF	TRBV12-2	TRBJ1-4		CAAEAMSNYNVLYF	TRAV4D-4	TRAJ21	m34	1
CGANRGLAETLYF	TRBV20	TRBJ2-3		CAASDIASSSFSKLVF	TRAV7-4	TRAJ50	m34	1
CASSAAGTTNSDYTF	TRBV13-1	TRBJ1-2		CAASPGNTGKLIF	TRAV14-1	TRAJ37	m34	1
CASSMRQYEQYF	TRBV19	TRBJ2-7		CVLGDPNSAGNKLTF	TRAV6-1	TRAJ17	m34	1
CASSMRQYEQYF	TRBV19	TRBJ2-7		CAASGSGSWQLIF	TRAV14D-3-DV8	TRAJ22	m34	1
CTCSARGVSAETLYF	TRBV1	TRBJ2-3		CVLGNSNYQLIW	TRAV6-2	TRAJ33	m34	1
CASGGGGLLYEQYF	TRBV13-2	TRBJ2-7		CALSGYSNNRLTL	TRAV12D-2	TRAJ7	m34	1
CASGPGLGYYAEQFF	TRBV13-2	TRBJ2-1		CAVSIKDSNNRIFF	TRAV7N-6	TRAJ31	m34	1
CASSRGGPEQYF	TRBV17	TRBJ2-7		CALGVNYGSSGNKLIF	TRAV6D-6	TRAJ32	m34	1
CASGDVGGYEQYF	TRBV13-1	TRBJ2-7		CAANRGSALGRLHF	TRAV5D-4	TRAJ18	m34	3
CASSDKINQDTQYF	TRBV13-1	TRBJ2-5		CAMERWETGFASALTF	TRAV13-4-DV7	TRAJ35	m34	1
CTCSADSNSDYTF	TRBV1	TRBJ1-2		CGNSGGSNYKLTF	TRAV13D-2	TRAJ53	m34	1
CASSFQTSAETLYF	TRBV3	TRBJ2-3		CALSRPNTNKVVF	TRAV12-2	TRAJ34	m34	1
CAWRGAGNTLYF	TRBV31	TRBJ1-3		CAASRNTGYQNFYF	TRAV14D-1	TRAJ49	m34	2
CASFRDWGVETLYF	TRBV12-1	TRBJ2-3		CAAPTGNTGKLIF	TRAV7D-2	TRAJ37	m34	1
CASRTSAETLYF	TRBV13-1	TRBJ2-3		CAVAVNTGNYKYVF	TRAV7D-3	TRAJ40	m34	2
CASGDARGGGYEQYF	TRBV12-2	TRBJ2-7		CALGSNSGTYQRF	TRAV6N-7	TRAJ13	m34	1
CASSFTGVDQYF	TRBV19	TRBJ2-7		CALSGTGGYKVVF	TRAV9N-4	TRAJ12	m34	2
CASSMGADNQDTQYF	TRBV19	TRBJ2-5		CAVSDSGYNKLTF	TRAV3D-3	TRAJ11	m34	1
CASFRDISNERLFF	TRBV12-2	TRBJ1-4		CAVRDMGYKLTF	TRAV1	TRAJ9	m34	1
CASRDEEVFF	TRBV15	TRBJ1-1		CALGVYGSSGNKLIF	TRAV6D-6	TRAJ32	m34	1
CASSDWVGSLYF	TRBV13-1	TRBJ1-3		CALNNAGAKLTF	TRAV13-1	TRAJ39	m34	1
CASGDALGGERLFF	TRBV13-2	TRBJ1-4		CAAEANTNTGKLTF	TRAV4D-4	TRAJ27	m34	1
CASSQRRGKGSQNTLYF	TRBV5	TRBJ2-4		CAASPMNYNQGKLIF	TRAV14D-1	TRAJ23	m34	2
CASSQDGGGEQYF	TRBV5	TRBJ2-7		CALGETGANTGKLTF	TRAV6D-6	TRAJ52	m34	1
CASSDEGAAPLF	TRBV13-1	TRBJ1-5		CALTPTGNTGKLIF	TRAV6-5	TRAJ37	m34	1
CASSLTGASQNTLYF	TRBV26	TRBJ2-4		CALERDNTNKVVF	TRAV13-1	TRAJ34	m34	1
CASSQEGGKAEQFF	TRBV5	TRBJ2-1		CAARNSNNRIFF	TRAV14N-3	TRAJ31	m34	1
CASSLQGANTGQLYF	TRBV3	TRBJ2-2	TRBD1	CAASYTNTGKLTF	TRAV14N-3	TRAJ27	m34	1
CASSLALRGGLSYEQYF	TRBV3	TRBJ2-7		CALSDYNQGKLIF	TRAV12-2	TRAJ23	m34	1
CASSLLGGAETLYF	TRBV29	TRBJ2-3		CAVSFINTGNYKYVF	TRAV9-4	TRAJ40	m34	1
CASSLLGGVGEQYF	TRBV29	TRBJ2-7		CAVSFINTGNYKYVF	TRAV9-4	TRAJ40	m34	1
CASSPLQGRDTQYF	TRBV5	TRBJ2-5		CAPASSGSWQLIF	TRAV13D-2	TRAJ22	m34	1
CASSLGAFSNERLFF	TRBV16	TRBJ1-4		CAAGTGANTGKLTF	TRAV4-4-DV10	TRAJ52	m34	1
CAWSLWTGAGQDTQYF	TRBV31	TRBJ2-5		CALGGGTGANTGKLTF	TRAV13-1	TRAJ52	m34	1
CASRDDYNSPLYI	TRBV19	TRBJ1-6		CALERGNNRIFF	TRAV13-1	TRAJ31	m34	1
CASSLDLGSSAETLYF	TRBV16	TRBJ2-3		CAMREGWNTEGADRLTF	TRAV16D-DV11	TRAJ45	m34	1
CASSFLGGVYEQYF	TRBV15	TRBJ2-7		CALGDRSDNTNKVVF	TRAV6D-6	TRAJ34	m34	1
CASSLTFNQDTQYF	TRBV15	TRBJ2-5		CAVNIASSSFSKLVF	TRAV7-6	TRAJ50	m34	2
CASSFQGSNTEVFF	TRBV3	TRBJ1-1		CALSDLGGSSGNKLIF	TRAV6-7-DV9	TRAJ32	m34	1
CASSDRGHNQAPLF	TRBV13-3	TRBJ1-5	TRBD1	CAMRDTSGSWQLIF	TRAV6-3	TRAJ22	m34	1
CASSLAGRDTEVFF	TRBV12-2	TRBJ1-1		CAVSPNSAGNKLTF	TRAV9D-3	TRAJ15	m34	3
CAWGEQSNSDYTF	TRBV31	TRBJ1-2		CAMRDNNAGAKLTF	TRAV6-3	TRAJ39	m34	1
CASSFRLGDTQYF	TRBV14	TRBJ2-5		CAPAYKVIF	TRAV13D-2	TRAJ30	m34	1
CASSQGTTNTGQLYF	TRBV5	TRBJ2-2		CALSEWSNYQLIW	TRAV6-7-DV9	TRAJ33	m34	2
CTCSAGKDNQAPLF	TRBV1	TRBJ1-5		CAAQGGAAKLIF	TRAV4-3	TRAJ57	m34	1
CASSQDDRGDTQYF	TRBV5	TRBJ2-5		CAVNNAGAKLTF	TRAV3D-3	TRAJ39	m34	1
CASSPGQNNQAPLF	TRBV26	TRBJ1-5		CAARTNYNVLYF	TRAV5D-4	TRAJ21	m34	1
CGATWGGKNTLYF	TRBV20	TRBJ2-4		CALLTGGYKVVF	TRAV6-5	TRAJ12	m34	1
CASSLVVQGDAEQFF	TRBV3	TRBJ2-1		CALSRNSNNRIFF	TRAV12-2	TRAJ31	m34	1
CASSQVSDNQDTQYF	TRBV2	TRBJ2-5		CAASAIGGGSAKLIF	TRAV14D-1	TRAJ57	m34	1
CASSLGVEQYF	TRBV15	TRBJ2-7		CAASAIGGGSAKLIF	TRAV14D-1	TRAJ57	m34	1
CASSRGLGGEQYF	TRBV26	TRBJ2-7		CALGDRTGNTGKLIF	TRAV6D-6	TRAJ37	m34	1
CASSLSGGDERLFF	TRBV26	TRBJ1-4		CAASAGNNRIFF	TRAV14-1	TRAJ31	m34	1
CASSWTGGTEVFF	TRBV3	TRBJ1-1	TRBD1	CILRNTGYQNFYF	TRAV21-DV12	TRAJ49	m34	1
CAWSRGSAETLYF	TRBV31	TRBJ2-3		CAMERKSNNRIFF	TRAV13N-1	TRAJ31	m34	1
CASSDGGQSNERLFF	TRBV13-1	TRBJ1-4		CATHGSSGNKLIF	TRAV8-1	TRAJ32	m34	1
CASSEGTGGRDTQYF	TRBV13-3	TRBJ2-5	TRBD1	CILRVEWDQGGSAKLIF	TRAV21-DV12	TRAJ57	m34	1
CASSEGTGGRDTQYF	TRBV13-3	TRBJ2-5	TRBD1	CAMGITGNTGKLIF	TRAV13-4-DV7	TRAJ37	m34	1
CASSLNSDYTF	TRBV26	TRBJ1-2		CILRVEWDQGGSAKLIF	TRAV21-DV12	TRAJ57	m34	1
CASSLNSDYTF	TRBV26	TRBJ1-2		CAMGITGNTGKLIF	TRAV13-4-DV7	TRAJ37	m34	1
CASSDGGTAETLYF	TRBV13-1	TRBJ2-3		CAVSMGGYQNFYF	TRAV7-6	TRAJ49	m34	1
CASSLGGVEQYF	TRBV15	TRBJ2-7		CALRTSNTNKVVF	TRAV12D-3	TRAJ34	m34	1
CASSDGGNSDYTF	TRBV13-1	TRBJ1-2		CATGANTGKLTF	TRAV13D-2	TRAJ52	m34	1
CASSSRGYNERLFF	TRBV29	TRBJ1-4		CAARNNAGAKLTF	TRAV7D-2	TRAJ39	m34	1
CASSLQGNTEVFF	TRBV3	TRBJ1-1		CAASGGSSGNKLIF	TRAV14N-3	TRAJ32	m34	1
CASSFETLYF	TRBV26	TRBJ2-3		CAAEASTGANTGKLTF	TRAV4-4-DV10	TRAJ52	m34	1
CASSQHAETLYF	TRBV2	TRBJ2-3		CALGPQGTGSKLSF	TRAV6D-6	TRAJ58	m34	1
CASALTGNSDYTF	TRBV12-2	TRBJ1-2		CALAPSSNTNKVVF	TRAV6D-6	TRAJ34	m34	1
CASSNRDKYAETLYF	TRBV13-1	TRBJ2-3		CALVPNSNNRIFF	TRAV6-4	TRAJ31	m34	1
CASGDRGQEGSDYTF	TRBV13-2	TRBJ1-2	TRBD1	CATDRYNVLYF	TRAV8D-2	TRAJ21	m34	2
CASSQDPNWGQNTLYF	TRBV5	TRBJ2-4		CATDKGTNTGKLTF	TRAV8D-2	TRAJ27	m34	1
CASSSDWGGYAEQFF	TRBV4	TRBJ2-1	TRBD2	CAVRRNMGYKLTF	TRAV3D-3	TRAJ9	m34	1
CASSSDWGGYAEQFF	TRBV4	TRBJ2-1	TRBD2	CALRETGNTGKLIF	TRAV6-7-DV9	TRAJ37	m34	1
CSSSQSSQRSYEQYF	TRBV23	TRBJ2-7		CATDTDYNQGKLIF	TRAV8N-2	TRAJ23	m34	1
CASSLNWLGYAEQFF	TRBV3	TRBJ2-1		CALGDRGNNRIFF	TRAV6N-7	TRAJ31	m34	1
CAWSPGLGGAEQFF	TRBV31	TRBJ2-1		CAAGNTGNYKYVF	TRAV10	TRAJ40	m34	1
CAAGYSGNTLYF	TRBV16	TRBJ1-3		CATGGSSGNKLIF	TRAV8-1	TRAJ32	m34	1
CASGGTANTEVFF	TRBV13-2	TRBJ1-1		CAASPTGNYKYVF	TRAV14-1	TRAJ40	m34	1
CASGGLGGTSAETLYF	TRBV12-2	TRBJ2-3	TRBD2	CAVSAHSGYNKLTF	TRAV3D-3	TRAJ11	m34	6
CASLGQGNTGQLYF	TRBV13-3	TRBJ2-2	TRBD1	CAAEAGGSNAKLTF	TRAV4-3	TRAJ42	m34	1
CASRLGQGARQFF	TRBV19	TRBJ2-1	TRBD1	CAVITGNTGTLIF	TRAV3D-3	TRAJ37	m34	1
CASSQVWGASQNTLYF	TRBV5	TRBJ2-4		CAASANTGYQNFYF	TRAV14N-3	TRAJ49	m34	1
CASSLGGGYEQYF	TRBV15	TRBJ2-7		CALSMTSGYNKLTF	TRAV9N-4	TRAJ11	m34	1
CASSEQGERLFF	TRBV13-1	TRBJ1-4	TRBD1	CAIDRSNNRIFF	TRAV13D-2	TRAJ31	m34	1
CAWRLPGQSNERLFF	TRBV31	TRBJ1-4		CAVSRSSGSWQLIF	TRAV7N-6	TRAJ22	m34	1
CAWRLPGQSNERLFF	TRBV31	TRBJ1-4		CALRTGGYKVVF	TRAV6-7-DV9	TRAJ12	m34	1
CASSDNERLFF	TRBV13-1	TRBJ1-4		CATSSSGSWQLIF	TRAV13D-2	TRAJ22	m34	1
CSSSLDWGGATGQLYF	TRBV23	TRBJ2-2	TRBD2	CAMRESSNTNKVVF	TRAV16N	TRAJ34	m34	1
CASSFYTEVFF	TRBV3	TRBJ1-1		CALGVYNTNTGKLTF	TRAV6N-5	TRAJ27	m34	1
CASSREPGGRGQYF	TRBV17	TRBJ2-7	TRBD2	CAASKGGGSNYKLTF	TRAV14D-1	TRAJ53	m34	1
CGAVGNTEVFF	TRBV20	TRBJ1-1		CAAEATGGNNKLTF	TRAV4-4-DV10	TRAJ56	m34	1
CASRDWGSYEQYF	TRBV15	TRBJ2-7	TRBD2	CALGASSGSWQLIF	TRAV6N-7	TRAJ22	m34	1
CASSQETGTHSAEPLYF	TRBV5	TRBJ2-3		CAMRNNNNAPRF	TRAV13-4-DV7	TRAJ43	m34	1
CASSQEGQGAQVFF	TRBV5	TRBJ1-1	TRBD1	CAVFYANKMIM	TRAV3-3	TRAJ47	m34	1
CASSLVSAETLYF	TRBV16	TRBJ2-3		CAAEALSNYNVLYF	TRAV4D-4	TRAJ21	m34	4
CASSLTGNYAEQFF	TRBV3	TRBJ2-1		CALGDSSGSWQLIF	TRAV6D-6	TRAJ22	m34	1
CASSRGTEVFF	TRBV12-1	TRBJ1-1		CAVSTQVVGQLTF	TRAV3D-3	TRAJ5	m34	1
CASGRQGNTEVFF	TRBV12-2	TRBJ1-1		CAVSRNTGYQNFYF	TRAV7D-5	TRAJ49	m34	2
CASSLDSSGNTLYF	TRBV3	TRBJ1-3		CAAATNTGKLTF	TRAV7D-2	TRAJ27	m34	1
CASSFGWGGGTNTLYF	TRBV14	TRBJ2-4	TRBD2	CAASAYQGGRALIF	TRAV14D-1	TRAJ15	m34	1
CASSRPGGFYEQYF	TRBV17	TRBJ2-7		CATDSNYQLIW	TRAV8-1	TRAJ33	m34	1
CASSRPGGFYEQYF	TRBV17	TRBJ2-7		CALGDTNAYKVIF	TRAV6D-6	TRAJ30	m34	1
CASSDQGDTEVFF	TRBV13-1	TRBJ1-1		CATDSNYQLIW	TRAV8-1	TRAJ33	m34	1
CASSDQGDTEVFF	TRBV13-1	TRBJ1-1		CALGDTNAYKVIF	TRAV6D-6	TRAJ30	m34	1
CASGGLGVQDTQYF	TRBV13-2	TRBJ2-5	TRBD2	CAAEAGANKMIF	TRAV4-4-DV10	TRAJ47	m34	1
CTCSAVGRNTEVFF	TRBV1	TRBJ1-1		CAVSLSSNTNKVVF	TRAV7-1	TRAJ34	m34	1
CTCSAGLGVPNQDTQYF	TRBV1	TRBJ2-5		CAVRYYGNEKITF	TRAV7-3	TRAJ48	m34	1
CASSFQDTQYF	TRBV3	TRBJ2-5		CAAEAGANTGKLTF	TRAV4-4-DV10	TRAJ52	m34	1
CTCSAREETLYF	TRBV1	TRBJ2-3		CAINYNQGKLIF	TRAV13D-2	TRAJ23	m34	1
CASSQRGEGGTEVFF	TRBV5	TRBJ1-1	TRBD1	CAVRGIRDSGYNKLTF	TRAV7N-6	TRAJ11	m34	1
CASSLGQGAEVFF	TRBV15	TRBJ1-1	TRBD1	CALSDQGNNRIFF	TRAV6-7-DV9	TRAJ31	m34	2
CASSLGTGKDTQYF	TRBV15	TRBJ2-5		CALSDQGNNRIFF	TRAV6-7-DV9	TRAJ31	m34	1
CASSQVYSSNERLFF	TRBV5	TRBJ1-4		CAAELTGSGGKLTL	TRAV4-4-DV10	TRAJ44	m34	1
CASSQVYSSNERLFF	TRBV5	TRBJ1-4		CALWELDTNAYKVIF	TRAV15D-1-DV6D-1	TRAJ30	m34	3
CASSDWGSAETLYF	TRBV13-1	TRBJ2-3		CAVRDYGNEKITF	TRAV7-5	TRAJ48	m34	2
CASSFSQKDTQYF	TRBV14	TRBJ2-5		CAVSAHSGYNKLTF	TRAV3D-3	TRAJ11	m34	1
CASSTGGRDTQYF	TRBV15	TRBJ2-5		CAVSAAANTNKVVF	TRAV9-4	TRAJ34	m34	1
CASSPTSAETLYF	TRBV16	TRBJ2-3		CAPYNNNAPRF	TRAV4-2	TRAJ43	m34	1
CASSLGTFAGNTLYF	TRBV16	TRBJ1-3		CALVPSSSSFSKLVF	TRAV6D-4	TRAJ50	m34	1
CASSSGTGNERLFF	TRBV3	TRBJ1-4	TRBD1	CAPNTNTGKLTF	TRAV13D-2	TRAJ27	m34	1
CTCSAQGDWGYEQYF	TRBV1	TRBJ2-7		CALSDNNNNAPRF	TRAV6-7-DV9	TRAJ43	m34	1
CASSRFRGDNQAPLF	TRBV26	TRBJ1-5		CAARDSNYQLIW	TRAV10	TRAJ33	m34	1
CASSWDSANTEVFF	TRBV3	TRBJ1-1		CALGETGNTGKLIF	TRAV6D-6	TRAJ37	m34	1
CAWSLRLGVNQDTQYF	TRBV31	TRBJ2-5		CAAEDVGDNSKLMW	TRAV4-4-DV10	TRAJ38	m34	1
CASRGLSQNTLYF	TRBV13-1	TRBJ2-4		CALSARNYNQGKLIF	TRAV6-7-DV9	TRAJ23	m34	1
CASSDDNSYEQYF	TRBV13-1	TRBJ2-7		CALSASSGSWQLIF	TRAV12D-3	TRAJ22	m34	1
CASSLGGGRLFF	TRBV3	TRBJ1-4		CAVSAFTTASLGKLQF	TRAV9-1	TRAJ24	m34	1
CASSDANRGQNTLYF	TRBV13-1	TRBJ2-4	TRBD1	CVLSLTNSAGNKLTF	TRAV9-2	TRAJ17	m34	1
CASSLSGTDYEQYF	TRBV3	TRBJ2-7		CALSSGSWQLFF	TRAV8-1	TRAJ22	m34	1
CAWSPLGDGAETLYF	TRBV31	TRBJ2-3		CALSSGSWQLFF	TRAV8-1	TRAJ22	m34	1
CTCSAGRGVNTLYF	TRBV1	TRBJ2-4		CALSTPNTGNYKYVF	TRAV6-7-DV9	TRAJ40	m34	1
CASGADWGSAETLYF	TRBV13-2	TRBJ2-3		CAAESSGSWQLIF	TRAV7D-2	TRAJ22	m34	1
CAWSPGLGGHEQYF	TRBV31	TRBJ2-7	TRBD2	CAARAGGYGNEKITF	TRAV5-4	TRAJ48	m34	1
CASSPRWGGAETLYF	TRBV15	TRBJ2-3		CAASSGGSNYKLTF	TRAV7D-2	TRAJ53	m34	1
CASSKGLGDTQYF	TRBV17	TRBJ2-5		CAARATGGNNKLTF	TRAV5-4	TRAJ56	m34	1
CASGAGGPQDTQYF	TRBV12-2	TRBJ2-5		CAALDSNYQLIW	TRAV4D-4	TRAJ33	m34	1
CASSLYPPKPLYF	TRBV29	TRBJ1-6		CAMREGNNNNAPRF	TRAV16	TRAJ43	m34	1
CASSLVLGLTGQLYF	TRBV12-1	TRBJ2-2		CALGTGGYKVVF	TRAV6N-6	TRAJ12	m34	2
CTCSADLGGLNSDYTF	TRBV1	TRBJ1-2		CAASDSSNTNKVVF	TRAV7D-4	TRAJ34	m34	1
CASSGGSQNTLYF	TRBV3	TRBJ2-4		CAASPSSSFSKLVL	TRAV14-1	TRAJ50	m34	1
CASRRTAYAEQFF	TRBV19	TRBJ2-1		CALGDPPTNAYKVIF	TRAV6D-6	TRAJ30	m34	1
CAWSLGTPNTEVFF	TRBV31	TRBJ1-1		CALGDHNSGTYQRF	TRAV6N-7	TRAJ13	m34	2
CASSIWGVSYEQYF	TRBV19	TRBJ2-7		CAIGNAGAKLTF	TRAV13-2	TRAJ39	m34	2
CASGADWGSAETLYF	TRBV13-2	TRBJ2-3		CAASARATGGNNKLTF	TRAV14-3	TRAJ56	m34	1
CASSQDWDWGRAEQFF	TRBV2	TRBJ2-1		CVLGDHDNAGAKLTF	TRAV6-2	TRAJ39	m34	1
CASSSGTASSAETLYF	TRBV15	TRBJ2-3		CASSGSWQLIF	TRAV4D-4	TRAJ22	m34	1
CAWRGTPLSNERLFF	TRBV31	TRBJ1-4		CALWGHTGNYKYVF	TRAV12-1	TRAJ40	m34	1
CSSSQHTGDERLFF	TRBV23	TRBJ1-4		CAASMTGGYKVVF	TRAV7D-2	TRAJ12	m34	1
CASSMKGNTGQLYF	TRBV19	TRBJ2-2		CALPLASSSFSKLVF	TRAV13-1	TRAJ50	m34	1
CGARDLQGAGTQYF	TRBV20	TRBJ2-5	TRBD1	CAASEYNQGKLIF	TRAV14D-3-DV8	TRAJ23	m34	3
CASSRTGDQAPLF	TRBV19	TRBJ1-5	TRBD1	CAAEARGNNRIFF	TRAV4D-4	TRAJ31	m34	2
CASSQQGGEQYF	TRBV2	TRBJ2-7		CAAGGTNTGKLTF	TRAV7D-2	TRAJ27	m34	1
CASSDPPTGGDYEQYF	TRBV13-1	TRBJ2-7	TRBD2	CAVKGNMGYKLTF	TRAV7D-6	TRAJ9	m34	1
CSSSQGGAYEQYF	TRBV23	TRBJ2-7		CARSSGSWQLIF	TRAV8-1	TRAJ22	m34	1
CASRQGTNERLFF	TRBV16	TRBJ1-4		CAMREGWNTEGADRRTF	TRAV16D-DV11	TRAJ45	m34	1
CASSPGGNERLFF	TRBV26	TRBJ1-4	TRBD1	CAARRDYSNNRLTL	TRAV7-4	TRAJ7	m34	2
CAWSLNWQDTQYF	TRBV31	TRBJ2-5		CALNNNNNAPRF	TRAV6-7-DV9	TRAJ43	m34	1
CAWSHRGSQNTLYF	TRBV31	TRBJ2-4		CAKSNNRIFF	TRAV13N-1	TRAJ31	m34	1
CAWSLGGYEQYF	TRBV31	TRBJ2-7		CALRVSGSFNKLTF	TRAV12D-3	TRAJ4	m34	1
CASSQVQNQDTQYF	TRBV2	TRBJ2-5		CALSANSAGNKLTF	TRAV12D-1	TRAJ17	m34	1
CASSQNYAEQFF	TRBV26	TRBJ2-1		CALSANSAGNKLTF	TRAV12D-1	TRAJ17	m34	1
CASSQQGTSAETLYF	TRBV5	TRBJ2-3		CAAGSNTGYQNFYL	TRAV19	TRAJ49	m34	1
CAWSLGTDSGNTLYF	TRBV31	TRBJ1-3		CAASGNNRIFF	TRAV10D	TRAJ31	m34	1
CASSADRSNSDYTF	TRBV19	TRBJ1-2		CALSSYNNNAPRF	TRAV6-7-DV9	TRAJ43	m34	1
CASSLTGDEQYF	TRBV3	TRBJ2-7		CAMSDSSGSWQLIF	TRAV6D-3	TRAJ22	m34	1
CASSLQGSGQLYF	TRBV5	TRBJ2-2		CAVRTSNTNKVVF	TRAV9-4	TRAJ34	m34	1
CASGGWGGYYEQYF	TRBV12-2	TRBJ2-7	TRBD2	CILRGNTGYQNFYF	TRAV21-DV12	TRAJ49	m34	1
CASSSGLREQYF	TRBV16	TRBJ2-7		CAMVNQGGSAKLIF	TRAV13D-1	TRAJ57	m34	1
CTCSADLWGVYEQYF	TRBV1	TRBJ2-7		CALEGYANKMIF	TRAV17	TRAJ47	m34	1
CASSPHWTGNTEVFF	TRBV15	TRBJ1-1	TRBD1	CAMSHITGNYKYVF	TRAV6D-3	TRAJ40	m34	1
CASSDFSYEQYF	TRBV13-1	TRBJ2-7		CAASWGGSGGKLTL	TRAV14N-3	TRAJ44	m34	1
CASGVNQDTQYF	TRBV13-3	TRBJ2-5		CAAEVGTGGYKVVF	TRAV4D-4	TRAJ12	m34	1
CASSLTGTVYEQYF	TRBV3	TRBJ2-7		CAVSGSNNRIFF	TRAV7D-3	TRAJ31	m34	1
CASSDLGQGSNERLFF	TRBV13-3	TRBJ1-4	TRBD1	CAASETTACLGKLQF	TRAV7-4	TRAJ24	m34	1
CASSLTGEQYF	TRBV15	TRBJ2-7		CVVGAYQGGSAKLIF	TRAV11	TRAJ57	m34	1
CASGDWGSSETLYF	TRBV12-2	TRBJ2-3		CAVTGGSNAKLTF	TRAV7-5	TRAJ42	m34	1
CSSSTDSQNTLYF	TRBV30	TRBJ2-4		CAMSQNAYKVIF	TRAV6-3	TRAJ30	m34	1
CASGVWTGAGNTLYF	TRBV13-2	TRBJ1-3	TRBD1	CAVSPMNYGSSGNKLIF	TRAV3D-3	TRAJ32	m34	1
CASSFRGAPYAEQFF	TRBV29	TRBJ2-1		CAMGQTGFASALTF	TRAV13D-3	TRAJ35	m34	1
CASSDRLGGGYEQYF	TRBV3	TRBJ2-7	TRBD2	CAASASYSNNRLTL	TRAV14D-2	TRAJ7	m34	1
CASSELGGNYAEQFF	TRBV13-1	TRBJ2-1		CALSPQGGSAKLIF	TRAV12D-2	TRAJ57	m34	1
CASSSHWRGQDTQYF	TRBV3	TRBJ2-5		CVLGSSSFSKLVF	TRAV6D-5	TRAJ50	m34	1
CTCSAGENNQAPLF	TRBV1	TRBJ1-5		CAARDSGYNKLTF	TRAV14D-2	TRAJ11	m34	1
CASSLRRRANTEVFF	TRBV12-2	TRBJ1-1		CAASEKGGRALIF	TRAV7-4	TRAJ15	m34	1
CASGVQGRTLYF	TRBV13-2	TRBJ2-3		CAVSRNYGSSGNKLIF	TRAV7-6	TRAJ32	m34	2
CASSAGTGGSYEQYF	TRBV13-1	TRBJ2-7	TRBD1	CAAAASSGSWQLIF	TRAV4D-4	TRAJ22	m34	1
CASSSLEYEQYF	TRBV15	TRBJ2-7		CAASISTNAYKVIF	TRAV7D-2	TRAJ30	m34	1
CSSSGTGENTLYF	TRBV30	TRBJ2-4	TRBD1	CAAMDTNAYKVIF	TRAV7D-2	TRAJ30	m34	1
CSSSGTGENTLYF	TRBV30	TRBJ2-4	TRBD1	CALGDSNNRIFF	TRAV6D-6	TRAJ31	m34	1
CASSLDWGSLSYEQYF	TRBV12-1	TRBJ2-7		CAMRENYGNEKITF	TRAV16	TRAJ48	m34	1
CASGDSGGQTTLYF	TRBV13-2	TRBJ2-4		CALWGHTGNYKYVF	TRAV12-1	TRAJ40	m34	1
CASSSGLGVYAEQFF	TRBV4	TRBJ2-1		CAAEASGANTGKLTF	TRAV4-4-DV10	TRAJ52	m34	1
CASSLGGRTGQLYF	TRBV15	TRBJ2-2		CATGSSNTNKVVF	TRAV8N-2	TRAJ34	m34	1
CASSPSQNTLYF	TRBV13-2	TRBJ2-4		CAASIQGGRALIF	TRAV10N	TRAJ15	m34	1
CASGDAGRDFTGQLYF	TRBV13-2	TRBJ2-2		CAMREGGGSALGRLHF	TRAV16N	TRAJ18	m34	1
CASGDAGRDFTGQLYF	TRBV13-2	TRBJ2-2		CSSREAGYKLTF	TRAV5-1	TRAJ9	m34	1
CGATGSAETLYF	TRBV20	TRBJ2-3		CALRPAPGNTGKLIF	TRAV6-7-DV9	TRAJ37	m34	1
CGATGSAETLYF	TRBV20	TRBJ2-3		CALSDLGTNAYKVIF	TRAV6-5	TRAJ30	m34	1
CASSSLTGGYEQYF	TRBV3	TRBJ2-7	TRBD1	CAASDEGSNAKLTF	TRAV14D-3-DV8	TRAJ42	m34	1
CASSLLDFDTQYF	TRBV14	TRBJ2-5		CAMDYANKMIF	TRAV13-1	TRAJ47	m34	1
CASGGLGGQDTQYF	TRBV12-2	TRBJ2-5	TRBD2	CALLYYNQGKLIF	TRAV12D-1	TRAJ23	m34	1
CASSIQGVGPETLYF	TRBV19	TRBJ2-3		CALSEVGSNAKLTF	TRAV12-2	TRAJ42	m34	1
CAWSLVENTLYF	TRBV31	TRBJ2-4		CALSDLGTNAYKVIF	TRAV12D-2	TRAJ30	m34	2
CASSSDWGGYAEQGF	TRBV4	TRBJ2-1	TRBD2	CALRETGNTGKLIF	TRAV6-7-DV9	TRAJ37	m34	1
CASGDATISRNRLYF	TRBV13-2	TRBJ1-3		CAAGMATGGNNKLTF	TRAV19	TRAJ56	m34	1
CAWSPGLGGHEQYF	TRBV31	TRBJ2-7	TRBD2	CAASAGGYGNEKITF	TRAV5-4	TRAJ48	m34	1
CASSLERNTLYF	TRBV12-1	TRBJ2-4		CAFNSGGSNAKLTF	TRAV7D-3	TRAJ42	m34	1
CASSLAPNANERLFF	TRBV3	TRBJ1-4		CAASPNQGKLIF	TRAV10	TRAJ23	m34	1
CAWSRTVSNERLFF	TRBV31	TRBJ1-4		CAAATGANTGKLTF	TRAV4-4-DV10	TRAJ52	m34	1
CASSLVNQDTQYF	TRBV12-1	TRBJ2-5		CAAMGSSGSWQLIF	TRAV14N-3	TRAJ22	m34	1
CGARETGNTGQLYF	TRBV20	TRBJ2-2		CAMREGNQGGSAKLIF	TRAV16	TRAJ57	m34	1
CASSLSGSEVFF	TRBV12-1	TRBJ1-1		CALGQSSGSWQLIF	TRAV6N-7	TRAJ22	m34	1
CASSLDRGQAPLF	TRBV3	TRBJ1-5	TRBD1	CAALSNNNNAPRF	TRAV19	TRAJ43	m34	1
CASGDSGGQHTLYY	TRBV13-2	TRBJ2-4		CALWGHTGNYKYVF	TRAV12-1	TRAJ40	m34	1
CASPPLVRLGVQDTQYF	TRBV12-2	TRBJ2-5		CALRVSSSFSKLVF	TRAV6-7-DV9	TRAJ50	m34	1
CASSRNANTEVFF	TRBV26	TRBJ1-1		CATWPSSGQKLVF	TRAV8N-2	TRAJ16	m34	1
CASSLGHQDTQYF	TRBV26	TRBJ2-5		CATWPSSGQKLVF	TRAV8N-2	TRAJ16	m34	1
CASSPGLGGRENTLYF	TRBV2	TRBJ2-4	TRBD2	CALGAASSGSWQLIF	TRAV6D-6	TRAJ22	m34	1
CDASTGEDTQYF	TRBV20	TRBJ2-5		CALRVNYAQGLTF	TRAV6-5	TRAJ26	m34	1
CASSTTNTLYF	TRBV13-1	TRBJ2-4		CAASRDYSNNRLTL	TRAV10D	TRAJ7	m34	1
CDSSLVWAQNTLYF	TRBV3	TRBJ2-4		CAADYNQGKLIF	TRAV4-3	TRAJ23	m34	1
CASSLQTEVFF	TRBV3	TRBJ1-1		CALSGGNAPRF	TRAV6N-6	TRAJ43	m34	1
CASSQGTGGSSQNTLYF	TRBV5	TRBJ2-4	TRBD2	CALGDLTGNEKITF	TRAV6D-6	TRAJ48	m34	1
CASSERAENTLYF	TRBV13-1	TRBJ2-4		CAMRNNNTAPRF	TRAV13-4-DV7	TRAJ43	m34	1
CAWNDWGGSYEQYF	TRBV31	TRBJ2-7	TRBD2	CALEGRQGGSAKLIF	TRAV17	TRAJ57	m34	1
CASSFGTGSEVFF	TRBV3	TRBJ1-1	TRBD1	CAATTGGSNAKLTF	TRAV14-2	TRAJ42	m34	1
CASSYRGDNSPLYF	TRBV12-1	TRBJ1-6		CAMRENYGNEKISF	TRAV16	TRAJ48	m34	1
CASSLEGTQDTQYF	TRBV16	TRBJ2-5		CALSGGQKLVF	TRAV12-2	TRAJ16	m34	1
CASRRQGQDTQYF	TRBV13-3	TRBJ2-5	TRBD1	CAAEVMSNYNVLYF	TRAV4D-4	TRAJ21	m34	1
CAWSLGGANTGQLYF	TRBV31	TRBJ2-2		CAPVRGSAGNKLTF	TRAV3D-3	TRAJ17	m34	1
CASSQDRAGNTLYF	TRBV2	TRBJ1-3		CAVSRIASSSFSKLVF	TRAV9-4	TRAJ50	m34	1
CASSIGGYYAEQFF	TRBV19	TRBJ2-1		CAARGANYNVLYF	TRAV14N-3	TRAJ21	m34	1
CASGRQGNTEVFF	TRBV13-2	TRBJ1-1		CAVSRNTGYQNFYF	TRAV7D-5	TRAJ49	m34	2
CASRSGTGGISDYTF	TRBV13-1	TRBJ1-2	TRBD1	CAVSGGGSNYKLTF	TRAV9-4	TRAJ53	m34	1
CGARDWGALYEQYF	TRBV20	TRBJ2-7		CAANSNNRIFF	TRAV4D-4	TRAJ31	m34	1
CASSLAGGQGTQYF	TRBV12-2	TRBJ2-5		CAVSAGQGGRALIF	TRAV3D-3	TRAJ15	m34	1
CASSLETGGSQNTLYF	TRBV3	TRBJ2-4	TRBD1	CAAEGYGSSGNKLIF	TRAV4D-3	TRAJ32	m34	1
CASSQANWGGNTGQLYF	TRBV5	TRBJ2-2		CARGDYNQGKLIF	TRAV3D-3	TRAJ23	m34	1
CAWSLFGYAETLYF	TRBV31	TRBJ2-3		CAVNSGGSNAKLTF	TRAV5-4	TRAJ42	m34	1
CASSERAENTLYF	TRBV13-1	TRBJ2-4		CAAIASSSFSKLVF	TRAV7-4	TRAJ50	m34	1
CASSPLTGPAETLYF	TRBV3	TRBJ2-3		CAAEGSAGNKLTF	TRAV4-4-DV10	TRAJ17	m34	1
CASSFRGTGGSGNTLYF	TRBV15	TRBJ1-3	TRBD1	CAAVSSGSWQLIF	TRAV7D-5	TRAJ22	m34	1
CASGDAWGGYEQYF	TRBV12-2	TRBJ2-7		CAPPYTGNYKYVF	TRAV13N-1	TRAJ40	m34	1
CAWTQGTNERLFF	TRBV31	TRBJ1-4		CAAEAPNTGNYKYVF	TRAV4D-4	TRAJ40	m34	1
CGASRDILSNERLFF	TRBV20	TRBJ1-4		CAASVNNYAQGLTF	TRAV7-4	TRAJ26	m34	2
CASSQGQNTLYF	TRBV12-1	TRBJ2-4		CAMGNTNKVVF	TRAV13D-1	TRAJ34	m34	1
CASGEGLSNTGQLYF	TRBV13-2	TRBJ2-2		CAMGNTNKVVF	TRAV13D-1	TRAJ34	m34	1
CAWSGQPSAETLYF	TRBV31	TRBJ2-3		CAAEGGSALGRLHF	TRAV4D-4	TRAJ18	m34	1
CAWGEQSNSDYTF	TRBV31	TRBJ1-2		CALGDYAQGLTF	TRAV6N-7	TRAJ26	m34	1
CTCSGRDWAHTGQLYF	TRBV1	TRBJ2-2		CAASGTNAYKVIF	TRAV14-2	TRAJ30	m34	1
CASSLYGNTLYF	TRBV12-1	TRBJ1-3		CAASTSSGSWQLIF	TRAV14D-3-DV8	TRAJ22	m34	1
CASSESQNTLYF	TRBV13-1	TRBJ2-4		CAASEPTSSGQKLVF	TRAV7-4	TRAJ16	m34	1
CASSLGGANTGQRYF	TRBV3	TRBJ2-2		CAPNTNTGKLTF	TRAV13D-2	TRAJ27	m34	1
CAWRLGGYAEQFF	TRBV31	TRBJ2-1		CAAENTGYQNFYF	TRAV4-3	TRAJ49	m34	1
CASGDAPSSAETLYF	TRBV13-2	TRBJ2-3		CAVGNTGNYKYVF	TRAV3D-3	TRAJ40	m34	1
CASGKDTQYF	TRBV12-2	TRBJ2-5		CALGPTGANTGKLTF	TRAV6D-6	TRAJ52	m34	1
CAWSPDWGQNTLYF	TRBV31	TRBJ2-4		CALSDPPNTGANTGKLTF	TRAV6-7-DV9	TRAJ52	m34	1
CASGTGDQDTQYF	TRBV12-2	TRBJ2-5	TRBD1	CAVSDNAGAKLTF	TRAV3-1	TRAJ39	m34	1
CASSNQNTGQLYF	TRBV5	TRBJ2-2		CALGESNMGYKLTF	TRAV6N-7	TRAJ9	m34	1
CASSNQNTGQLYF	TRBV5	TRBJ2-2		CALGSSGGNYKPTF	TRAV6N-7	TRAJ6	m34	1
CASSEQGFNQDTQYF	TRBV13-3	TRBJ2-5		CALSETGANTGKLTF	TRAV6-7-DV9	TRAJ52	m34	1
CASSDQYYNSPLYF	TRBV13-1	TRBJ1-6		CAASAGAGNTGKLIF	TRAV5D-4	TRAJ37	m34	1
CASSLDMGGYEEYF	TRBV16	TRBJ2-7		CAMRASSGSWQLIF	TRAV16N	TRAJ22	m34	1
CASSLDRDRVYEQYF	TRBV12-1	TRBJ2-7	TRBD1	CALGPASSGSWQLIF	TRAV6D-6	TRAJ22	m34	1
CAWSLGGYEQYF	TRBV31	TRBJ2-7		CAALNVGDNSKLSW	TRAV4-4-DV10	TRAJ38	m34	1
CGARGTVYEQYF	TRBV20	TRBJ2-7		CAVHYGSSGNKLIF	TRAV3D-3	TRAJ32	m34	1
CASSHNWGGKDTQYF	TRBV13-3	TRBJ2-5		CAAEDTNAYKVIF	TRAV4D-4	TRAJ30	m34	1
CASSLGSQDTQYF	TRBV15	TRBJ2-5		CAASASSGSWQLIF	TRAV5D-4	TRAJ22	m34	1
CASRTSAETLYF	TRBV19	TRBJ2-3		CALSMLTNTGKLTF	TRAV9N-4	TRAJ27	m34	1
CASSWPGNSQNTLYF	TRBV3	TRBJ2-4		CAASAGYNQGKLIF	TRAV14-1	TRAJ23	m34	1
CTCSARDRGPAEQFF	TRBV1	TRBJ2-1	TRBD1	CVLGVNTNTGKLTF	TRAV6-2	TRAJ27	m34	1
CGARDLTGGYEQYF	TRBV20	TRBJ2-7		CAAGDANTNKVVI	TRAV19	TRAJ34	m34	1
CASSARDWGGNTGQLYF	TRBV16	TRBJ2-2	TRBD2	CAVSMGGGSNYKLTF	TRAV7-5	TRAJ53	m34	1
CASSGELQDTQYF	TRBV16	TRBJ2-5		CAVYNTNTGKLTF	TRAV7-1	TRAJ27	m34	1
CASSEHLGTYEQYF	TRBV13-3	TRBJ2-7		CAIDESSSFSKLVF	TRAV13-2	TRAJ50	m34	1
CASSEDSYEQYF	TRBV13-1	TRBJ2-7		CAVSTGANTGKLTF	TRAV9-4	TRAJ52	m34	1
CAWTPDWGNYAEQFF	TRBV31	TRBJ2-1		CAMEMSNYNVLYF	TRAV13N-1	TRAJ21	m34	1
CASSPPGGENTLYF	TRBV15	TRBJ2-4		CAMEMSNYNVLYF	TRAV13N-1	TRAJ21	m34	1
CASGRGSSGNTLYF	TRBV13-2	TRBJ1-3		CALGDRGSNYNVLYF	TRAV6N-7	TRAJ21	m34	1
CTCSAPGLGALEQYF	TRBV1	TRBJ2-7		CAASAITGNTGKLIF	TRAV14-1	TRAJ37	m34	1
CGASARGNTGQLYF	TRBV20	TRBJ2-2	TRBD1	CAASTEGADRLTF	TRAV10	TRAJ45	m34	1
CASSLAWGGYNYAEQFF	TRBV12-1	TRBJ2-1		CALGPSNTNKVVF	TRAV6N-7	TRAJ34	m34	1
CASSEGRYSGNTLYF	TRBV13-1	TRBJ1-3		CVLGGGGYKVVF	TRAV6-1	TRAJ12	m34	1
CASSAQISNERLFF	TRBV3	TRBJ1-4		CAASAPNTGYQNFYF	TRAV14D-1	TRAJ49	m34	1
CASSPDRNQDTQYF	TRBV4	TRBJ2-5		CAVTYQGGRALIF	TRAV7-1	TRAJ15	m34	1
CASGRTGGGAETLYF	TRBV13-2	TRBJ2-3		CAASNMGYKLTF	TRAV7D-2	TRAJ9	m34	2
CASSIRGALYF	TRBV12-1	TRBJ2-4		CAVPLTGGNNKLTF	TRAV7-6	TRAJ56	m34	1
CASSSRGRENTLYF	TRBV29	TRBJ2-4		CALGLNTGNYKYVF	TRAV6N-7	TRAJ40	m34	1
CASSNRVNSPLYF	TRBV19	TRBJ1-6		CAARGGTNAYKVIF	TRAV7D-4	TRAJ30	m34	1
CASSLGTANTGQLYF	TRBV3	TRBJ2-2		CALVDYGNEKITF	TRAV6-4	TRAJ48	m34	1
CASSLRGARAEQFF	TRBV3	TRBJ2-1		CATDASSGSWQLIF	TRAV8-1	TRAJ22	m34	1
CASSPGHSNSDYTF	TRBV29	TRBJ1-2		CAASRTTASLGKLQF	TRAV14D-2	TRAJ24	m34	1
CGAGGAFAETLYY	TRBV20	TRBJ2-3		CAASGSGSWQLIF	TRAV14D-3-DV8	TRAJ22	m34	1
CAWSKLGYEQYF	TRBV31	TRBJ2-7		CALVHSNNRIFF	TRAV6-4	TRAJ31	m34	1
CASSLGTANTGQLYF	TRBV3	TRBJ2-2		CALGVPSGSWQLIF	TRAV6N-7	TRAJ22	m34	1
CASSLSKQGPETLYF	TRBV29	TRBJ2-3		CALSDRRGSGGKLTL	TRAV6-7-DV9	TRAJ44	m34	1
CASRTGASAETLYF	TRBV15	TRBJ2-3		CALSDNTGNYKYVF	TRAV6-7-DV9	TRAJ40	m34	1
CASSLGGNNQAPLF	TRBV16	TRBJ1-5		CALGSAGNKLTF	TRAV13-1	TRAJ17	m34	1
CASGLDRNSGNTLYF	TRBV13-1	TRBJ1-3		CAVSEPYANKMIF	TRAV3D-3	TRAJ47	m34	1
CASRAGQGANTEVFF	TRBV17	TRBJ1-1	TRBD1	CAASIGSNYQLIW	TRAV7D-2	TRAJ33	m34	1
CASSLQANTEVFF	TRBV15	TRBJ1-1		CILRSLNTGANTGKLTF	TRAV21-DV12	TRAJ52	m34	1
CASSLQANTEVFF	TRBV15	TRBJ1-1		CILNQGGSAKLIF	TRAV21-DV12	TRAJ57	m34	1
CASRVQGYEQYF	TRBV13-3	TRBJ2-7	TRBD1	CAMRELIASSSFSKLVF	TRAV16	TRAJ50	m34	1
CASSLTGERDTQYF	TRBV3	TRBJ2-5		CALGRSSNTNKVVF	TRAV6N-7	TRAJ34	m34	1
CASSQVQNQDTQYF	TRBV2	TRBJ2-5		CAIDRNYSNNRLTL	TRAV13D-2	TRAJ7	m34	1
CASGDVDTEVFF	TRBV13-2	TRBJ1-1		CATVYGSSGNKLIF	TRAV8N-2	TRAJ32	m34	1
CASGDVDTEVFF	TRBV13-2	TRBJ1-1		CVVGAGGGSNAKLTF	TRAV11	TRAJ42	m34	1
CASVGDWGAEQFF	TRBV12-2	TRBJ2-1		CAAGTGNYKYVF	TRAV19	TRAJ40	m34	1
CASSPLTGPAETLYF	TRBV3	TRBJ2-3		CAASADYSNNRLTL	TRAV5D-4	TRAJ7	m34	1
CASSLSGGDERLFF	TRBV26	TRBJ1-4		CALEPGEGADRLTF	TRAV13-1	TRAJ45	m34	1
CAIDWVGAEQFF	TRBV19	TRBJ2-1		CAASDSNTNKVVF	TRAV14D-1	TRAJ34	m34	1
CASSPSGQGNERLFF	TRBV3	TRBJ1-4	TRBD1	CAMGMDSNYQLIW	TRAV13N-3	TRAJ33	m34	1
CASSPSGQGNERLFF	TRBV3	TRBJ1-4	TRBD1	CAANHQGGRALIF	TRAV14-1	TRAJ15	m34	1
CASSLGTINSPLYI	TRBV12-2	TRBJ1-6		CAIVNSGTYQRF	TRAV13D-2	TRAJ13	m34	1
CASGDAWGGDTEVFF	TRBV13-2	TRBJ1-1		CAVSYGSSGNKLIF	TRAV3-1	TRAJ32	m34	1
CSSSRRRAETLYF	TRBV23	TRBJ2-3		CAASPASSSFSKLVF	TRAV10N	TRAJ50	m34	1
CTCSGTYQNTLYF	TRBV1	TRBJ2-4		CAASEVTNAYKVIF	TRAV7-4	TRAJ30	m34	1
